Temp,Vdd,fcnt_nd_slvt,fcnt_nd_lvt,fcnt_nd_rvt,fcnt_inv_slvt,fcnt_inv_lvt,fcnt_inv_rvt,fcnt_nr_slvt,fcnt_nr_lvt,fcnt_nr_rvt,fcnt_egu,fcnt_egv,fcnt_eg
-20,0.6,5.158e-11,6.751e-11,1.182e-10,9.863e-12,1.309e-11,1.888e-11,4.915e-11,6.862e-11,9.622e-11,7.873e-10,7.873e-10,7.801e-10
-15,0.6,5.123e-11,6.696e-11,1.168e-10,9.821e-12,1.302e-11,1.875e-11,4.852e-11,6.762e-11,9.531e-11,7.839e-10,7.839e-10,7.779e-10
-10,0.6,5.088e-11,6.641e-11,1.154e-10,9.777e-12,1.295e-11,1.862e-11,4.789e-11,6.662e-11,9.439e-11,7.804e-10,7.804e-10,7.756e-10
-5,0.6,5.051e-11,6.585e-11,1.14e-10,9.734e-12,1.288e-11,1.849e-11,4.728e-11,6.562e-11,9.344e-11,7.769e-10,7.769e-10,7.732e-10
0,0.6,5.014e-11,6.528e-11,1.126e-10,9.691e-12,1.281e-11,1.836e-11,4.668e-11,6.462e-11,9.247e-11,7.734e-10,7.734e-10,7.708e-10
5,0.6,4.975e-11,6.471e-11,1.112e-10,9.648e-12,1.274e-11,1.823e-11,4.609e-11,6.364e-11,9.15e-11,7.698e-10,7.698e-10,7.683e-10
10,0.6,4.936e-11,6.414e-11,1.098e-10,9.606e-12,1.267e-11,1.809e-11,4.551e-11,6.268e-11,9.052e-11,7.662e-10,7.662e-10,7.657e-10
15,0.6,4.896e-11,6.355e-11,1.084e-10,9.563e-12,1.26e-11,1.796e-11,4.493e-11,6.173e-11,8.953e-11,7.626e-10,7.626e-10,7.631e-10
20,0.6,4.855e-11,6.296e-11,1.071e-10,9.522e-12,1.253e-11,1.782e-11,4.437e-11,6.079e-11,8.854e-11,7.589e-10,7.589e-10,7.604e-10
25,0.6,4.814e-11,6.237e-11,1.057e-10,9.48e-12,1.246e-11,1.768e-11,4.38e-11,5.987e-11,8.755e-11,7.552e-10,7.552e-10,7.576e-10
30,0.6,4.772e-11,6.177e-11,1.043e-10,9.437e-12,1.239e-11,1.755e-11,4.324e-11,5.895e-11,8.655e-11,7.516e-10,7.516e-10,7.549e-10
35,0.6,4.729e-11,6.116e-11,1.03e-10,9.396e-12,1.232e-11,1.741e-11,4.268e-11,5.805e-11,8.554e-11,7.478e-10,7.478e-10,7.521e-10
40,0.6,4.685e-11,6.054e-11,1.016e-10,9.355e-12,1.224e-11,1.727e-11,4.213e-11,5.718e-11,8.454e-11,7.441e-10,7.441e-10,7.492e-10
45,0.6,4.641e-11,5.992e-11,1.003e-10,9.312e-12,1.217e-11,1.713e-11,4.157e-11,5.632e-11,8.353e-11,7.404e-10,7.404e-10,7.464e-10
50,0.6,4.597e-11,5.929e-11,9.893e-11,9.271e-12,1.21e-11,1.699e-11,4.102e-11,5.548e-11,8.251e-11,7.366e-10,7.366e-10,7.435e-10
55,0.6,4.553e-11,5.866e-11,9.759e-11,9.228e-12,1.203e-11,1.686e-11,4.047e-11,5.465e-11,8.149e-11,7.329e-10,7.329e-10,7.406e-10
60,0.6,4.509e-11,5.802e-11,9.626e-11,9.186e-12,1.196e-11,1.672e-11,3.992e-11,5.382e-11,8.046e-11,7.292e-10,7.292e-10,7.377e-10
65,0.6,4.465e-11,5.738e-11,9.493e-11,9.144e-12,1.189e-11,1.658e-11,3.938e-11,5.301e-11,7.942e-11,7.255e-10,7.255e-10,7.348e-10
70,0.6,4.42e-11,5.673e-11,9.361e-11,9.101e-12,1.183e-11,1.644e-11,3.884e-11,5.22e-11,7.837e-11,7.218e-10,7.218e-10,7.318e-10
75,0.6,4.376e-11,5.608e-11,9.229e-11,9.06e-12,1.176e-11,1.631e-11,3.832e-11,5.139e-11,7.731e-11,7.181e-10,7.181e-10,7.288e-10
80,0.6,4.332e-11,5.544e-11,9.097e-11,9.018e-12,1.169e-11,1.617e-11,3.78e-11,5.059e-11,7.623e-11,7.144e-10,7.144e-10,7.259e-10
85,0.6,4.288e-11,5.48e-11,8.965e-11,8.977e-12,1.162e-11,1.603e-11,3.729e-11,4.98e-11,7.514e-11,7.107e-10,7.107e-10,7.229e-10
90,0.6,4.244e-11,5.415e-11,8.834e-11,8.936e-12,1.155e-11,1.589e-11,3.678e-11,4.902e-11,7.403e-11,7.07e-10,7.07e-10,7.199e-10
95,0.6,4.2e-11,5.351e-11,8.703e-11,8.896e-12,1.149e-11,1.576e-11,3.629e-11,4.824e-11,7.291e-11,7.033e-10,7.033e-10,7.169e-10
100,0.6,4.157e-11,5.288e-11,8.573e-11,8.855e-12,1.142e-11,1.562e-11,3.58e-11,4.748e-11,7.178e-11,6.996e-10,6.996e-10,7.138e-10
105,0.6,4.114e-11,5.224e-11,8.443e-11,8.816e-12,1.135e-11,1.549e-11,3.532e-11,4.673e-11,7.064e-11,6.96e-10,6.96e-10,7.108e-10
110,0.6,4.071e-11,5.161e-11,8.313e-11,8.776e-12,1.129e-11,1.535e-11,3.485e-11,4.599e-11,6.95e-11,6.923e-10,6.923e-10,7.077e-10
115,0.6,4.029e-11,5.099e-11,8.185e-11,8.737e-12,1.122e-11,1.522e-11,3.438e-11,4.526e-11,6.835e-11,6.886e-10,6.886e-10,7.046e-10
120,0.6,3.986e-11,5.036e-11,8.057e-11,8.698e-12,1.115e-11,1.508e-11,3.393e-11,4.454e-11,6.719e-11,6.849e-10,6.849e-10,7.015e-10
125,0.6,3.945e-11,4.974e-11,7.931e-11,8.66e-12,1.109e-11,1.495e-11,3.348e-11,4.382e-11,6.604e-11,6.811e-10,6.811e-10,6.983e-10
130,0.6,3.903e-11,4.913e-11,7.806e-11,8.622e-12,1.102e-11,1.482e-11,3.304e-11,4.312e-11,6.49e-11,6.773e-10,6.773e-10,6.95e-10
-20,0.62,4.806e-11,6.212e-11,1.063e-10,9.358e-12,1.227e-11,1.728e-11,4.619e-11,6.32e-11,8.556e-11,7.199e-10,7.199e-10,7.134e-10
-15,0.62,4.775e-11,6.166e-11,1.051e-10,9.324e-12,1.221e-11,1.718e-11,4.563e-11,6.24e-11,8.503e-11,7.176e-10,7.176e-10,7.122e-10
-10,0.62,4.744e-11,6.119e-11,1.039e-10,9.29e-12,1.216e-11,1.708e-11,4.507e-11,6.16e-11,8.442e-11,7.152e-10,7.152e-10,7.109e-10
-5,0.62,4.711e-11,6.071e-11,1.028e-10,9.255e-12,1.21e-11,1.697e-11,4.451e-11,6.08e-11,8.374e-11,7.128e-10,7.128e-10,7.095e-10
0,0.62,4.678e-11,6.023e-11,1.016e-10,9.22e-12,1.204e-11,1.687e-11,4.395e-11,5.999e-11,8.301e-11,7.103e-10,7.103e-10,7.08e-10
5,0.62,4.644e-11,5.974e-11,1.004e-10,9.186e-12,1.198e-11,1.676e-11,4.34e-11,5.918e-11,8.226e-11,7.078e-10,7.078e-10,7.065e-10
10,0.62,4.609e-11,5.924e-11,9.925e-11,9.152e-12,1.192e-11,1.665e-11,4.284e-11,5.835e-11,8.148e-11,7.051e-10,7.051e-10,7.048e-10
15,0.62,4.574e-11,5.874e-11,9.808e-11,9.117e-12,1.187e-11,1.654e-11,4.229e-11,5.752e-11,8.069e-11,7.025e-10,7.025e-10,7.031e-10
20,0.62,4.537e-11,5.822e-11,9.691e-11,9.081e-12,1.181e-11,1.643e-11,4.174e-11,5.669e-11,7.989e-11,6.998e-10,6.998e-10,7.014e-10
25,0.62,4.5e-11,5.771e-11,9.574e-11,9.046e-12,1.175e-11,1.632e-11,4.119e-11,5.586e-11,7.908e-11,6.971e-10,6.971e-10,6.996e-10
30,0.62,4.462e-11,5.718e-11,9.458e-11,9.01e-12,1.169e-11,1.621e-11,4.065e-11,5.505e-11,7.826e-11,6.943e-10,6.943e-10,6.977e-10
35,0.62,4.424e-11,5.665e-11,9.342e-11,8.973e-12,1.163e-11,1.609e-11,4.012e-11,5.423e-11,7.744e-11,6.916e-10,6.916e-10,6.958e-10
40,0.62,4.385e-11,5.611e-11,9.226e-11,8.937e-12,1.158e-11,1.598e-11,3.958e-11,5.342e-11,7.661e-11,6.889e-10,6.889e-10,6.938e-10
45,0.62,4.346e-11,5.556e-11,9.11e-11,8.9e-12,1.152e-11,1.586e-11,3.906e-11,5.261e-11,7.578e-11,6.86e-10,6.86e-10,6.918e-10
50,0.62,4.306e-11,5.501e-11,8.995e-11,8.864e-12,1.146e-11,1.575e-11,3.853e-11,5.18e-11,7.494e-11,6.832e-10,6.832e-10,6.898e-10
55,0.62,4.267e-11,5.445e-11,8.88e-11,8.829e-12,1.14e-11,1.563e-11,3.801e-11,5.1e-11,7.409e-11,6.803e-10,6.803e-10,6.877e-10
60,0.62,4.227e-11,5.388e-11,8.765e-11,8.794e-12,1.134e-11,1.552e-11,3.749e-11,5.02e-11,7.324e-11,6.775e-10,6.775e-10,6.856e-10
65,0.62,4.187e-11,5.332e-11,8.65e-11,8.759e-12,1.129e-11,1.54e-11,3.699e-11,4.941e-11,7.238e-11,6.746e-10,6.746e-10,6.835e-10
70,0.62,4.148e-11,5.274e-11,8.535e-11,8.723e-12,1.123e-11,1.529e-11,3.649e-11,4.864e-11,7.151e-11,6.718e-10,6.718e-10,6.814e-10
75,0.62,4.108e-11,5.217e-11,8.421e-11,8.688e-12,1.117e-11,1.517e-11,3.599e-11,4.787e-11,7.063e-11,6.688e-10,6.688e-10,6.791e-10
80,0.62,4.068e-11,5.16e-11,8.306e-11,8.654e-12,1.111e-11,1.505e-11,3.551e-11,4.711e-11,6.974e-11,6.66e-10,6.66e-10,6.769e-10
85,0.62,4.029e-11,5.103e-11,8.191e-11,8.619e-12,1.106e-11,1.494e-11,3.503e-11,4.636e-11,6.884e-11,6.631e-10,6.631e-10,6.747e-10
90,0.62,3.989e-11,5.046e-11,8.076e-11,8.585e-12,1.1e-11,1.482e-11,3.457e-11,4.563e-11,6.793e-11,6.602e-10,6.602e-10,6.724e-10
95,0.62,3.95e-11,4.989e-11,7.962e-11,8.55e-12,1.094e-11,1.471e-11,3.411e-11,4.491e-11,6.7e-11,6.572e-10,6.572e-10,6.701e-10
100,0.62,3.911e-11,4.933e-11,7.847e-11,8.516e-12,1.088e-11,1.459e-11,3.365e-11,4.421e-11,6.605e-11,6.543e-10,6.543e-10,6.678e-10
105,0.62,3.872e-11,4.876e-11,7.734e-11,8.482e-12,1.083e-11,1.448e-11,3.321e-11,4.351e-11,6.509e-11,6.513e-10,6.513e-10,6.655e-10
110,0.62,3.833e-11,4.82e-11,7.62e-11,8.449e-12,1.077e-11,1.436e-11,3.277e-11,4.282e-11,6.411e-11,6.484e-10,6.484e-10,6.631e-10
115,0.62,3.795e-11,4.764e-11,7.508e-11,8.415e-12,1.071e-11,1.425e-11,3.234e-11,4.215e-11,6.311e-11,6.454e-10,6.454e-10,6.606e-10
120,0.62,3.757e-11,4.708e-11,7.396e-11,8.381e-12,1.066e-11,1.413e-11,3.191e-11,4.148e-11,6.211e-11,6.423e-10,6.423e-10,6.582e-10
125,0.62,3.719e-11,4.653e-11,7.285e-11,8.347e-12,1.06e-11,1.402e-11,3.15e-11,4.083e-11,6.11e-11,6.393e-10,6.393e-10,6.557e-10
130,0.62,3.682e-11,4.598e-11,7.175e-11,8.315e-12,1.055e-11,1.391e-11,3.109e-11,4.018e-11,6.007e-11,6.362e-10,6.362e-10,6.531e-10
-20,0.64,4.501e-11,5.757e-11,9.647e-11,8.932e-12,1.157e-11,1.598e-11,4.343e-11,5.846e-11,7.656e-11,6.634e-10,6.634e-10,6.575e-10
-15,0.64,4.474e-11,5.717e-11,9.547e-11,8.904e-12,1.153e-11,1.59e-11,4.294e-11,5.778e-11,7.616e-11,6.619e-10,6.619e-10,6.57e-10
-10,0.64,4.446e-11,5.676e-11,9.447e-11,8.875e-12,1.148e-11,1.582e-11,4.245e-11,5.709e-11,7.576e-11,6.603e-10,6.603e-10,6.564e-10
-5,0.64,4.417e-11,5.635e-11,9.346e-11,8.847e-12,1.144e-11,1.573e-11,4.196e-11,5.641e-11,7.538e-11,6.587e-10,6.587e-10,6.557e-10
0,0.64,4.387e-11,5.593e-11,9.246e-11,8.818e-12,1.139e-11,1.564e-11,4.147e-11,5.573e-11,7.495e-11,6.57e-10,6.57e-10,6.55e-10
5,0.64,4.357e-11,5.55e-11,9.145e-11,8.787e-12,1.134e-11,1.555e-11,4.098e-11,5.505e-11,7.445e-11,6.552e-10,6.552e-10,6.541e-10
10,0.64,4.325e-11,5.507e-11,9.044e-11,8.757e-12,1.129e-11,1.546e-11,4.049e-11,5.436e-11,7.388e-11,6.534e-10,6.534e-10,6.532e-10
15,0.64,4.293e-11,5.463e-11,8.944e-11,8.727e-12,1.125e-11,1.537e-11,4e-11,5.367e-11,7.327e-11,6.515e-10,6.515e-10,6.522e-10
20,0.64,4.26e-11,5.418e-11,8.843e-11,8.696e-12,1.12e-11,1.528e-11,3.95e-11,5.297e-11,7.263e-11,6.496e-10,6.496e-10,6.512e-10
25,0.64,4.227e-11,5.372e-11,8.742e-11,8.666e-12,1.115e-11,1.519e-11,3.9e-11,5.227e-11,7.198e-11,6.476e-10,6.476e-10,6.501e-10
30,0.64,4.192e-11,5.326e-11,8.642e-11,8.636e-12,1.11e-11,1.509e-11,3.849e-11,5.155e-11,7.13e-11,6.456e-10,6.456e-10,6.489e-10
35,0.64,4.158e-11,5.279e-11,8.541e-11,8.606e-12,1.106e-11,1.5e-11,3.799e-11,5.083e-11,7.062e-11,6.436e-10,6.436e-10,6.476e-10
40,0.64,4.122e-11,5.231e-11,8.44e-11,8.576e-12,1.101e-11,1.49e-11,3.748e-11,5.011e-11,6.993e-11,6.415e-10,6.415e-10,6.463e-10
45,0.64,4.087e-11,5.182e-11,8.34e-11,8.546e-12,1.096e-11,1.48e-11,3.697e-11,4.938e-11,6.922e-11,6.394e-10,6.394e-10,6.45e-10
50,0.64,4.051e-11,5.132e-11,8.24e-11,8.517e-12,1.091e-11,1.471e-11,3.646e-11,4.865e-11,6.852e-11,6.373e-10,6.373e-10,6.436e-10
55,0.64,4.016e-11,5.082e-11,8.139e-11,8.487e-12,1.086e-11,1.461e-11,3.595e-11,4.791e-11,6.78e-11,6.351e-10,6.351e-10,6.422e-10
60,0.64,3.98e-11,5.032e-11,8.038e-11,8.458e-12,1.081e-11,1.451e-11,3.545e-11,4.718e-11,6.707e-11,6.329e-10,6.329e-10,6.407e-10
65,0.64,3.944e-11,4.981e-11,7.938e-11,8.428e-12,1.076e-11,1.442e-11,3.496e-11,4.643e-11,6.634e-11,6.307e-10,6.307e-10,6.392e-10
70,0.64,3.908e-11,4.93e-11,7.837e-11,8.398e-12,1.071e-11,1.432e-11,3.448e-11,4.569e-11,6.56e-11,6.285e-10,6.285e-10,6.376e-10
75,0.64,3.872e-11,4.879e-11,7.736e-11,8.369e-12,1.066e-11,1.422e-11,3.401e-11,4.495e-11,6.485e-11,6.262e-10,6.262e-10,6.361e-10
80,0.64,3.836e-11,4.828e-11,7.634e-11,8.338e-12,1.061e-11,1.412e-11,3.354e-11,4.422e-11,6.409e-11,6.24e-10,6.24e-10,6.344e-10
85,0.64,3.8e-11,4.777e-11,7.533e-11,8.309e-12,1.057e-11,1.402e-11,3.309e-11,4.35e-11,6.332e-11,6.217e-10,6.217e-10,6.328e-10
90,0.64,3.764e-11,4.726e-11,7.432e-11,8.279e-12,1.052e-11,1.392e-11,3.265e-11,4.279e-11,6.254e-11,6.194e-10,6.194e-10,6.311e-10
95,0.64,3.729e-11,4.675e-11,7.33e-11,8.249e-12,1.047e-11,1.382e-11,3.221e-11,4.21e-11,6.174e-11,6.171e-10,6.171e-10,6.294e-10
100,0.64,3.693e-11,4.624e-11,7.229e-11,8.219e-12,1.042e-11,1.373e-11,3.178e-11,4.142e-11,6.093e-11,6.147e-10,6.147e-10,6.276e-10
105,0.64,3.658e-11,4.573e-11,7.128e-11,8.19e-12,1.037e-11,1.363e-11,3.136e-11,4.076e-11,6.011e-11,6.124e-10,6.124e-10,6.258e-10
110,0.64,3.623e-11,4.523e-11,7.027e-11,8.161e-12,1.032e-11,1.353e-11,3.095e-11,4.011e-11,5.927e-11,6.099e-10,6.099e-10,6.24e-10
115,0.64,3.588e-11,4.472e-11,6.928e-11,8.131e-12,1.028e-11,1.343e-11,3.054e-11,3.947e-11,5.842e-11,6.075e-10,6.075e-10,6.221e-10
120,0.64,3.553e-11,4.422e-11,6.828e-11,8.102e-12,1.023e-11,1.333e-11,3.014e-11,3.885e-11,5.756e-11,6.05e-10,6.05e-10,6.202e-10
125,0.64,3.519e-11,4.372e-11,6.73e-11,8.074e-12,1.018e-11,1.323e-11,2.975e-11,3.823e-11,5.668e-11,6.025e-10,6.025e-10,6.182e-10
130,0.64,3.485e-11,4.322e-11,6.632e-11,8.045e-12,1.013e-11,1.313e-11,2.936e-11,3.763e-11,5.579e-11,5.999e-10,5.999e-10,6.161e-10
-20,0.66,4.236e-11,5.368e-11,8.826e-11,8.561e-12,1.098e-11,1.491e-11,4.089e-11,5.433e-11,6.932e-11,6.156e-10,6.156e-10,6.101e-10
-15,0.66,4.211e-11,5.333e-11,8.74e-11,8.537e-12,1.094e-11,1.484e-11,4.046e-11,5.374e-11,6.895e-11,6.147e-10,6.147e-10,6.102e-10
-10,0.66,4.186e-11,5.298e-11,8.653e-11,8.513e-12,1.091e-11,1.477e-11,4.003e-11,5.314e-11,6.858e-11,6.137e-10,6.137e-10,6.101e-10
-5,0.66,4.159e-11,5.262e-11,8.566e-11,8.489e-12,1.087e-11,1.47e-11,3.959e-11,5.255e-11,6.823e-11,6.126e-10,6.126e-10,6.099e-10
0,0.66,4.133e-11,5.225e-11,8.479e-11,8.465e-12,1.083e-11,1.462e-11,3.916e-11,5.195e-11,6.789e-11,6.115e-10,6.115e-10,6.097e-10
5,0.66,4.105e-11,5.187e-11,8.391e-11,8.441e-12,1.08e-11,1.455e-11,3.872e-11,5.135e-11,6.755e-11,6.103e-10,6.103e-10,6.094e-10
10,0.66,4.076e-11,5.148e-11,8.303e-11,8.415e-12,1.076e-11,1.447e-11,3.829e-11,5.076e-11,6.721e-11,6.091e-10,6.091e-10,6.09e-10
15,0.66,4.047e-11,5.109e-11,8.215e-11,8.391e-12,1.072e-11,1.439e-11,3.785e-11,5.015e-11,6.684e-11,6.078e-10,6.078e-10,6.086e-10
20,0.66,4.017e-11,5.069e-11,8.127e-11,8.366e-12,1.068e-11,1.432e-11,3.74e-11,4.955e-11,6.639e-11,6.064e-10,6.064e-10,6.08e-10
25,0.66,3.986e-11,5.028e-11,8.039e-11,8.341e-12,1.064e-11,1.424e-11,3.695e-11,4.894e-11,6.59e-11,6.05e-10,6.05e-10,6.074e-10
30,0.66,3.955e-11,4.987e-11,7.951e-11,8.317e-12,1.06e-11,1.416e-11,3.65e-11,4.833e-11,6.537e-11,6.036e-10,6.036e-10,6.068e-10
35,0.66,3.923e-11,4.944e-11,7.863e-11,8.292e-12,1.056e-11,1.408e-11,3.604e-11,4.77e-11,6.481e-11,6.021e-10,6.021e-10,6.06e-10
40,0.66,3.891e-11,4.901e-11,7.774e-11,8.267e-12,1.052e-11,1.4e-11,3.558e-11,4.707e-11,6.423e-11,6.005e-10,6.005e-10,6.052e-10
45,0.66,3.859e-11,4.857e-11,7.685e-11,8.242e-12,1.048e-11,1.391e-11,3.512e-11,4.643e-11,6.363e-11,5.99e-10,5.99e-10,6.044e-10
50,0.66,3.827e-11,4.812e-11,7.597e-11,8.217e-12,1.043e-11,1.383e-11,3.465e-11,4.578e-11,6.303e-11,5.974e-10,5.974e-10,6.035e-10
55,0.66,3.794e-11,4.767e-11,7.508e-11,8.191e-12,1.039e-11,1.375e-11,3.418e-11,4.512e-11,6.241e-11,5.958e-10,5.958e-10,6.026e-10
60,0.66,3.761e-11,4.721e-11,7.419e-11,8.165e-12,1.035e-11,1.367e-11,3.372e-11,4.446e-11,6.179e-11,5.941e-10,5.941e-10,6.016e-10
65,0.66,3.729e-11,4.676e-11,7.329e-11,8.139e-12,1.031e-11,1.358e-11,3.325e-11,4.379e-11,6.115e-11,5.924e-10,5.924e-10,6.006e-10
70,0.66,3.696e-11,4.63e-11,7.239e-11,8.113e-12,1.027e-11,1.35e-11,3.279e-11,4.311e-11,6.051e-11,5.907e-10,5.907e-10,5.995e-10
75,0.66,3.663e-11,4.584e-11,7.149e-11,8.088e-12,1.023e-11,1.341e-11,3.233e-11,4.243e-11,5.986e-11,5.89e-10,5.89e-10,5.984e-10
80,0.66,3.63e-11,4.538e-11,7.059e-11,8.061e-12,1.018e-11,1.333e-11,3.188e-11,4.176e-11,5.919e-11,5.872e-10,5.872e-10,5.973e-10
85,0.66,3.598e-11,4.491e-11,6.968e-11,8.035e-12,1.014e-11,1.324e-11,3.144e-11,4.108e-11,5.851e-11,5.854e-10,5.854e-10,5.961e-10
90,0.66,3.565e-11,4.445e-11,6.877e-11,8.009e-12,1.01e-11,1.316e-11,3.101e-11,4.041e-11,5.783e-11,5.836e-10,5.836e-10,5.948e-10
95,0.66,3.532e-11,4.399e-11,6.787e-11,7.984e-12,1.006e-11,1.307e-11,3.058e-11,3.975e-11,5.713e-11,5.818e-10,5.818e-10,5.936e-10
100,0.66,3.5e-11,4.353e-11,6.696e-11,7.959e-12,1.002e-11,1.298e-11,3.017e-11,3.909e-11,5.642e-11,5.799e-10,5.799e-10,5.923e-10
105,0.66,3.468e-11,4.307e-11,6.606e-11,7.934e-12,9.977e-12,1.29e-11,2.976e-11,3.845e-11,5.57e-11,5.78e-10,5.78e-10,5.909e-10
110,0.66,3.436e-11,4.261e-11,6.516e-11,7.909e-12,9.936e-12,1.281e-11,2.936e-11,3.782e-11,5.496e-11,5.76e-10,5.76e-10,5.895e-10
115,0.66,3.404e-11,4.215e-11,6.427e-11,7.884e-12,9.894e-12,1.273e-11,2.897e-11,3.72e-11,5.421e-11,5.741e-10,5.741e-10,5.881e-10
120,0.66,3.372e-11,4.17e-11,6.338e-11,7.859e-12,9.853e-12,1.264e-11,2.859e-11,3.66e-11,5.346e-11,5.72e-10,5.72e-10,5.866e-10
125,0.66,3.341e-11,4.124e-11,6.25e-11,7.835e-12,9.812e-12,1.255e-11,2.821e-11,3.6e-11,5.269e-11,5.7e-10,5.7e-10,5.85e-10
130,0.66,3.31e-11,4.079e-11,6.162e-11,7.81e-12,9.77e-12,1.247e-11,2.784e-11,3.542e-11,5.191e-11,5.679e-10,5.679e-10,5.834e-10
-20,0.68,4.002e-11,5.033e-11,8.133e-11,8.24e-12,1.048e-11,1.401e-11,3.86e-11,5.073e-11,6.338e-11,5.746e-10,5.746e-10,5.696e-10
-15,0.68,3.98e-11,5.002e-11,8.057e-11,8.221e-12,1.045e-11,1.395e-11,3.821e-11,5.02e-11,6.304e-11,5.741e-10,5.741e-10,5.7e-10
-10,0.68,3.957e-11,4.971e-11,7.98e-11,8.202e-12,1.042e-11,1.389e-11,3.782e-11,4.967e-11,6.27e-11,5.736e-10,5.736e-10,5.703e-10
-5,0.68,3.933e-11,4.938e-11,7.904e-11,8.182e-12,1.039e-11,1.383e-11,3.743e-11,4.914e-11,6.237e-11,5.73e-10,5.73e-10,5.705e-10
0,0.68,3.908e-11,4.905e-11,7.827e-11,8.163e-12,1.036e-11,1.376e-11,3.704e-11,4.861e-11,6.204e-11,5.723e-10,5.723e-10,5.707e-10
5,0.68,3.883e-11,4.871e-11,7.75e-11,8.143e-12,1.033e-11,1.37e-11,3.664e-11,4.808e-11,6.172e-11,5.716e-10,5.716e-10,5.708e-10
10,0.68,3.856e-11,4.837e-11,7.672e-11,8.123e-12,1.029e-11,1.364e-11,3.625e-11,4.755e-11,6.14e-11,5.707e-10,5.707e-10,5.708e-10
15,0.68,3.829e-11,4.801e-11,7.595e-11,8.102e-12,1.026e-11,1.357e-11,3.585e-11,4.701e-11,6.11e-11,5.699e-10,5.699e-10,5.707e-10
20,0.68,3.802e-11,4.765e-11,7.517e-11,8.081e-12,1.023e-11,1.35e-11,3.544e-11,4.647e-11,6.079e-11,5.69e-10,5.69e-10,5.706e-10
25,0.68,3.773e-11,4.728e-11,7.439e-11,8.06e-12,1.019e-11,1.344e-11,3.504e-11,4.593e-11,6.049e-11,5.68e-10,5.68e-10,5.704e-10
30,0.68,3.745e-11,4.691e-11,7.36e-11,8.039e-12,1.016e-11,1.337e-11,3.463e-11,4.538e-11,6.015e-11,5.67e-10,5.67e-10,5.701e-10
35,0.68,3.716e-11,4.652e-11,7.282e-11,8.017e-12,1.013e-11,1.33e-11,3.421e-11,4.483e-11,5.975e-11,5.659e-10,5.659e-10,5.697e-10
40,0.68,3.686e-11,4.613e-11,7.203e-11,7.995e-12,1.009e-11,1.323e-11,3.379e-11,4.426e-11,5.928e-11,5.648e-10,5.648e-10,5.694e-10
45,0.68,3.657e-11,4.573e-11,7.124e-11,7.973e-12,1.006e-11,1.316e-11,3.337e-11,4.37e-11,5.879e-11,5.637e-10,5.637e-10,5.689e-10
50,0.68,3.627e-11,4.532e-11,7.044e-11,7.951e-12,1.002e-11,1.309e-11,3.295e-11,4.312e-11,5.828e-11,5.626e-10,5.626e-10,5.684e-10
55,0.68,3.597e-11,4.491e-11,6.965e-11,7.928e-12,9.988e-12,1.302e-11,3.253e-11,4.253e-11,5.775e-11,5.614e-10,5.614e-10,5.679e-10
60,0.68,3.567e-11,4.449e-11,6.885e-11,7.907e-12,9.954e-12,1.294e-11,3.21e-11,4.194e-11,5.721e-11,5.601e-10,5.601e-10,5.673e-10
65,0.68,3.537e-11,4.408e-11,6.804e-11,7.885e-12,9.919e-12,1.287e-11,3.168e-11,4.134e-11,5.666e-11,5.588e-10,5.588e-10,5.666e-10
70,0.68,3.507e-11,4.366e-11,6.723e-11,7.863e-12,9.883e-12,1.28e-11,3.126e-11,4.073e-11,5.609e-11,5.576e-10,5.576e-10,5.66e-10
75,0.68,3.477e-11,4.324e-11,6.642e-11,7.841e-12,9.848e-12,1.272e-11,3.084e-11,4.013e-11,5.552e-11,5.562e-10,5.562e-10,5.652e-10
80,0.68,3.447e-11,4.282e-11,6.561e-11,7.82e-12,9.812e-12,1.265e-11,3.043e-11,3.952e-11,5.493e-11,5.548e-10,5.548e-10,5.645e-10
85,0.68,3.417e-11,4.24e-11,6.479e-11,7.798e-12,9.776e-12,1.258e-11,3.001e-11,3.89e-11,5.433e-11,5.534e-10,5.534e-10,5.636e-10
90,0.68,3.387e-11,4.198e-11,6.397e-11,7.776e-12,9.74e-12,1.25e-11,2.96e-11,3.83e-11,5.371e-11,5.52e-10,5.52e-10,5.628e-10
95,0.68,3.357e-11,4.156e-11,6.315e-11,7.755e-12,9.705e-12,1.243e-11,2.919e-11,3.769e-11,5.309e-11,5.506e-10,5.506e-10,5.619e-10
100,0.68,3.327e-11,4.114e-11,6.234e-11,7.733e-12,9.669e-12,1.235e-11,2.879e-11,3.708e-11,5.245e-11,5.49e-10,5.49e-10,5.609e-10
105,0.68,3.298e-11,4.072e-11,6.152e-11,7.711e-12,9.632e-12,1.228e-11,2.839e-11,3.648e-11,5.18e-11,5.475e-10,5.475e-10,5.599e-10
110,0.68,3.268e-11,4.03e-11,6.072e-11,7.69e-12,9.596e-12,1.22e-11,2.8e-11,3.588e-11,5.114e-11,5.459e-10,5.459e-10,5.589e-10
115,0.68,3.239e-11,3.988e-11,5.991e-11,7.669e-12,9.56e-12,1.213e-11,2.761e-11,3.528e-11,5.047e-11,5.443e-10,5.443e-10,5.578e-10
120,0.68,3.21e-11,3.947e-11,5.911e-11,7.647e-12,9.524e-12,1.205e-11,2.724e-11,3.469e-11,4.979e-11,5.427e-10,5.427e-10,5.566e-10
125,0.68,3.181e-11,3.905e-11,5.831e-11,7.625e-12,9.488e-12,1.197e-11,2.687e-11,3.411e-11,4.911e-11,5.41e-10,5.41e-10,5.554e-10
130,0.68,3.152e-11,3.864e-11,5.752e-11,7.605e-12,9.453e-12,1.19e-11,2.651e-11,3.354e-11,4.842e-11,5.392e-10,5.392e-10,5.541e-10
-20,0.7,3.796e-11,4.741e-11,7.54e-11,7.964e-12,1.004e-11,1.324e-11,3.653e-11,4.757e-11,5.843e-11,5.392e-10,5.392e-10,5.345e-10
-15,0.7,3.775e-11,4.714e-11,7.473e-11,7.949e-12,1.002e-11,1.32e-11,3.618e-11,4.709e-11,5.811e-11,5.39e-10,5.39e-10,5.352e-10
-10,0.7,3.754e-11,4.685e-11,7.405e-11,7.934e-12,9.996e-12,1.314e-11,3.582e-11,4.661e-11,5.78e-11,5.388e-10,5.388e-10,5.358e-10
-5,0.7,3.732e-11,4.656e-11,7.337e-11,7.917e-12,9.97e-12,1.309e-11,3.547e-11,4.614e-11,5.748e-11,5.385e-10,5.385e-10,5.363e-10
0,0.7,3.709e-11,4.626e-11,7.268e-11,7.9e-12,9.945e-12,1.304e-11,3.511e-11,4.566e-11,5.717e-11,5.382e-10,5.382e-10,5.368e-10
5,0.7,3.685e-11,4.596e-11,7.199e-11,7.883e-12,9.919e-12,1.298e-11,3.475e-11,4.518e-11,5.686e-11,5.378e-10,5.378e-10,5.371e-10
10,0.7,3.661e-11,4.564e-11,7.13e-11,7.865e-12,9.892e-12,1.293e-11,3.438e-11,4.469e-11,5.655e-11,5.373e-10,5.373e-10,5.375e-10
15,0.7,3.636e-11,4.532e-11,7.061e-11,7.847e-12,9.866e-12,1.287e-11,3.401e-11,4.421e-11,5.626e-11,5.368e-10,5.368e-10,5.377e-10
20,0.7,3.61e-11,4.499e-11,6.991e-11,7.829e-12,9.838e-12,1.281e-11,3.364e-11,4.372e-11,5.597e-11,5.362e-10,5.362e-10,5.378e-10
25,0.7,3.584e-11,4.465e-11,6.921e-11,7.811e-12,9.811e-12,1.275e-11,3.327e-11,4.322e-11,5.568e-11,5.356e-10,5.356e-10,5.379e-10
30,0.7,3.558e-11,4.43e-11,6.85e-11,7.793e-12,9.784e-12,1.269e-11,3.289e-11,4.273e-11,5.54e-11,5.349e-10,5.349e-10,5.379e-10
35,0.7,3.531e-11,4.395e-11,6.78e-11,7.774e-12,9.754e-12,1.263e-11,3.25e-11,4.222e-11,5.513e-11,5.342e-10,5.342e-10,5.379e-10
40,0.7,3.504e-11,4.359e-11,6.709e-11,7.756e-12,9.725e-12,1.257e-11,3.212e-11,4.171e-11,5.484e-11,5.335e-10,5.335e-10,5.379e-10
45,0.7,3.476e-11,4.322e-11,6.637e-11,7.737e-12,9.696e-12,1.251e-11,3.173e-11,4.119e-11,5.45e-11,5.327e-10,5.327e-10,5.377e-10
50,0.7,3.449e-11,4.285e-11,6.566e-11,7.72e-12,9.667e-12,1.245e-11,3.134e-11,4.067e-11,5.41e-11,5.319e-10,5.319e-10,5.375e-10
55,0.7,3.422e-11,4.247e-11,6.493e-11,7.701e-12,9.638e-12,1.239e-11,3.096e-11,4.014e-11,5.367e-11,5.31e-10,5.31e-10,5.373e-10
60,0.7,3.394e-11,4.209e-11,6.421e-11,7.683e-12,9.607e-12,1.233e-11,3.057e-11,3.96e-11,5.32e-11,5.301e-10,5.301e-10,5.37e-10
65,0.7,3.366e-11,4.171e-11,6.348e-11,7.664e-12,9.577e-12,1.226e-11,3.019e-11,3.906e-11,5.272e-11,5.292e-10,5.292e-10,5.367e-10
70,0.7,3.339e-11,4.133e-11,6.274e-11,7.646e-12,9.546e-12,1.22e-11,2.981e-11,3.851e-11,5.222e-11,5.281e-10,5.281e-10,5.362e-10
75,0.7,3.311e-11,4.094e-11,6.2e-11,7.627e-12,9.515e-12,1.214e-11,2.943e-11,3.797e-11,5.171e-11,5.271e-10,5.271e-10,5.358e-10
80,0.7,3.283e-11,4.056e-11,6.126e-11,7.609e-12,9.485e-12,1.207e-11,2.905e-11,3.742e-11,5.119e-11,5.261e-10,5.261e-10,5.353e-10
85,0.7,3.255e-11,4.017e-11,6.052e-11,7.59e-12,9.454e-12,1.201e-11,2.867e-11,3.687e-11,5.065e-11,5.25e-10,5.25e-10,5.348e-10
90,0.7,3.228e-11,3.979e-11,5.977e-11,7.571e-12,9.422e-12,1.194e-11,2.829e-11,3.632e-11,5.009e-11,5.239e-10,5.239e-10,5.343e-10
95,0.7,3.2e-11,3.94e-11,5.903e-11,7.553e-12,9.391e-12,1.187e-11,2.792e-11,3.577e-11,4.953e-11,5.227e-10,5.227e-10,5.336e-10
100,0.7,3.173e-11,3.902e-11,5.829e-11,7.535e-12,9.36e-12,1.181e-11,2.754e-11,3.522e-11,4.895e-11,5.215e-10,5.215e-10,5.329e-10
105,0.7,3.145e-11,3.863e-11,5.755e-11,7.516e-12,9.328e-12,1.174e-11,2.717e-11,3.467e-11,4.836e-11,5.203e-10,5.203e-10,5.323e-10
110,0.7,3.118e-11,3.825e-11,5.682e-11,7.498e-12,9.298e-12,1.167e-11,2.68e-11,3.412e-11,4.776e-11,5.191e-10,5.191e-10,5.315e-10
115,0.7,3.091e-11,3.786e-11,5.609e-11,7.48e-12,9.267e-12,1.161e-11,2.643e-11,3.357e-11,4.715e-11,5.178e-10,5.178e-10,5.307e-10
120,0.7,3.064e-11,3.748e-11,5.536e-11,7.462e-12,9.235e-12,1.154e-11,2.607e-11,3.302e-11,4.654e-11,5.164e-10,5.164e-10,5.298e-10
125,0.7,3.038e-11,3.71e-11,5.463e-11,7.444e-12,9.204e-12,1.147e-11,2.571e-11,3.248e-11,4.592e-11,5.15e-10,5.15e-10,5.289e-10
130,0.7,3.011e-11,3.672e-11,5.391e-11,7.426e-12,9.173e-12,1.14e-11,2.535e-11,3.193e-11,4.529e-11,5.136e-10,5.136e-10,5.279e-10
-20,0.72,3.612e-11,4.485e-11,7.029e-11,7.722e-12,9.668e-12,1.26e-11,3.468e-11,4.477e-11,5.422e-11,5.082e-10,5.082e-10,5.038e-10
-15,0.72,3.593e-11,4.46e-11,6.968e-11,7.709e-12,9.65e-12,1.256e-11,3.435e-11,4.434e-11,5.394e-11,5.083e-10,5.083e-10,5.047e-10
-10,0.72,3.573e-11,4.435e-11,6.907e-11,7.695e-12,9.63e-12,1.251e-11,3.402e-11,4.39e-11,5.365e-11,5.083e-10,5.083e-10,5.055e-10
-5,0.72,3.552e-11,4.408e-11,6.846e-11,7.681e-12,9.609e-12,1.247e-11,3.369e-11,4.347e-11,5.336e-11,5.083e-10,5.083e-10,5.063e-10
0,0.72,3.531e-11,4.381e-11,6.784e-11,7.667e-12,9.588e-12,1.242e-11,3.336e-11,4.303e-11,5.306e-11,5.082e-10,5.082e-10,5.069e-10
5,0.72,3.509e-11,4.353e-11,6.722e-11,7.652e-12,9.567e-12,1.237e-11,3.302e-11,4.259e-11,5.276e-11,5.081e-10,5.081e-10,5.076e-10
10,0.72,3.486e-11,4.324e-11,6.66e-11,7.638e-12,9.545e-12,1.232e-11,3.268e-11,4.215e-11,5.246e-11,5.079e-10,5.079e-10,5.081e-10
15,0.72,3.463e-11,4.294e-11,6.597e-11,7.624e-12,9.524e-12,1.227e-11,3.234e-11,4.17e-11,5.217e-11,5.076e-10,5.076e-10,5.085e-10
20,0.72,3.439e-11,4.264e-11,6.534e-11,7.608e-12,9.5e-12,1.222e-11,3.199e-11,4.125e-11,5.188e-11,5.074e-10,5.074e-10,5.089e-10
25,0.72,3.415e-11,4.232e-11,6.47e-11,7.594e-12,9.477e-12,1.217e-11,3.164e-11,4.08e-11,5.16e-11,5.07e-10,5.07e-10,5.093e-10
30,0.72,3.39e-11,4.2e-11,6.406e-11,7.579e-12,9.453e-12,1.212e-11,3.128e-11,4.034e-11,5.132e-11,5.066e-10,5.066e-10,5.095e-10
35,0.72,3.365e-11,4.167e-11,6.342e-11,7.564e-12,9.428e-12,1.207e-11,3.093e-11,3.987e-11,5.105e-11,5.062e-10,5.062e-10,5.098e-10
40,0.72,3.34e-11,4.134e-11,6.277e-11,7.549e-12,9.403e-12,1.202e-11,3.057e-11,3.94e-11,5.078e-11,5.057e-10,5.057e-10,5.099e-10
45,0.72,3.315e-11,4.1e-11,6.212e-11,7.533e-12,9.379e-12,1.196e-11,3.021e-11,3.892e-11,5.052e-11,5.052e-10,5.052e-10,5.1e-10
50,0.72,3.289e-11,4.065e-11,6.147e-11,7.518e-12,9.353e-12,1.191e-11,2.985e-11,3.843e-11,5.026e-11,5.046e-10,5.046e-10,5.101e-10
55,0.72,3.264e-11,4.031e-11,6.081e-11,7.501e-12,9.328e-12,1.185e-11,2.949e-11,3.794e-11,4.996e-11,5.04e-10,5.04e-10,5.1e-10
60,0.72,3.238e-11,3.996e-11,6.014e-11,7.487e-12,9.301e-12,1.18e-11,2.914e-11,3.745e-11,4.961e-11,5.033e-10,5.033e-10,5.1e-10
65,0.72,3.213e-11,3.961e-11,5.947e-11,7.47e-12,9.275e-12,1.174e-11,2.878e-11,3.695e-11,4.921e-11,5.027e-10,5.027e-10,5.099e-10
70,0.72,3.187e-11,3.925e-11,5.88e-11,7.455e-12,9.249e-12,1.168e-11,2.843e-11,3.645e-11,4.879e-11,5.019e-10,5.019e-10,5.097e-10
75,0.72,3.161e-11,3.89e-11,5.812e-11,7.439e-12,9.223e-12,1.163e-11,2.808e-11,3.595e-11,4.834e-11,5.012e-10,5.012e-10,5.095e-10
80,0.72,3.135e-11,3.855e-11,5.744e-11,7.424e-12,9.196e-12,1.157e-11,2.773e-11,3.546e-11,4.787e-11,5.004e-10,5.004e-10,5.093e-10
85,0.72,3.11e-11,3.819e-11,5.676e-11,7.408e-12,9.169e-12,1.151e-11,2.738e-11,3.496e-11,4.739e-11,4.996e-10,4.996e-10,5.09e-10
90,0.72,3.084e-11,3.783e-11,5.608e-11,7.392e-12,9.142e-12,1.145e-11,2.704e-11,3.446e-11,4.688e-11,4.987e-10,4.987e-10,5.087e-10
95,0.72,3.059e-11,3.748e-11,5.54e-11,7.377e-12,9.116e-12,1.139e-11,2.669e-11,3.396e-11,4.637e-11,4.978e-10,4.978e-10,5.083e-10
100,0.72,3.033e-11,3.712e-11,5.473e-11,7.361e-12,9.089e-12,1.133e-11,2.635e-11,3.347e-11,4.584e-11,4.969e-10,4.969e-10,5.079e-10
105,0.72,3.008e-11,3.676e-11,5.405e-11,7.346e-12,9.062e-12,1.127e-11,2.601e-11,3.297e-11,4.53e-11,4.959e-10,4.959e-10,5.074e-10
110,0.72,2.983e-11,3.641e-11,5.338e-11,7.329e-12,9.035e-12,1.121e-11,2.567e-11,3.246e-11,4.475e-11,4.949e-10,4.949e-10,5.069e-10
115,0.72,2.958e-11,3.605e-11,5.271e-11,7.314e-12,9.007e-12,1.115e-11,2.532e-11,3.196e-11,4.419e-11,4.939e-10,4.939e-10,5.063e-10
120,0.72,2.933e-11,3.57e-11,5.204e-11,7.299e-12,8.981e-12,1.109e-11,2.499e-11,3.146e-11,4.363e-11,4.928e-10,4.928e-10,5.057e-10
125,0.72,2.908e-11,3.535e-11,5.138e-11,7.283e-12,8.954e-12,1.103e-11,2.465e-11,3.096e-11,4.307e-11,4.917e-10,4.917e-10,5.05e-10
130,0.72,2.884e-11,3.499e-11,5.072e-11,7.266e-12,8.927e-12,1.097e-11,2.431e-11,3.046e-11,4.25e-11,4.905e-10,4.905e-10,5.043e-10
-20,0.74,3.448e-11,4.259e-11,6.584e-11,7.508e-12,9.342e-12,1.204e-11,3.3e-11,4.227e-11,5.062e-11,4.809e-10,4.809e-10,4.768e-10
-15,0.74,3.43e-11,4.236e-11,6.529e-11,7.497e-12,9.327e-12,1.201e-11,3.269e-11,4.188e-11,5.036e-11,4.812e-10,4.812e-10,4.779e-10
-10,0.74,3.411e-11,4.213e-11,6.474e-11,7.487e-12,9.311e-12,1.197e-11,3.239e-11,4.148e-11,5.008e-11,4.815e-10,4.815e-10,4.789e-10
-5,0.74,3.391e-11,4.188e-11,6.418e-11,7.476e-12,9.294e-12,1.193e-11,3.208e-11,4.108e-11,4.981e-11,4.817e-10,4.817e-10,4.798e-10
0,0.74,3.371e-11,4.163e-11,6.362e-11,7.464e-12,9.277e-12,1.189e-11,3.176e-11,4.068e-11,4.953e-11,4.818e-10,4.818e-10,4.806e-10
5,0.74,3.351e-11,4.137e-11,6.305e-11,7.453e-12,9.26e-12,1.185e-11,3.145e-11,4.027e-11,4.925e-11,4.819e-10,4.819e-10,4.814e-10
10,0.74,3.329e-11,4.11e-11,6.248e-11,7.441e-12,9.241e-12,1.18e-11,3.113e-11,3.986e-11,4.897e-11,4.818e-10,4.818e-10,4.82e-10
15,0.74,3.307e-11,4.082e-11,6.191e-11,7.429e-12,9.222e-12,1.176e-11,3.081e-11,3.945e-11,4.868e-11,4.818e-10,4.818e-10,4.827e-10
20,0.74,3.285e-11,4.054e-11,6.133e-11,7.417e-12,9.202e-12,1.172e-11,3.048e-11,3.903e-11,4.84e-11,4.817e-10,4.817e-10,4.833e-10
25,0.74,3.262e-11,4.025e-11,6.075e-11,7.404e-12,9.181e-12,1.167e-11,3.015e-11,3.861e-11,4.812e-11,4.815e-10,4.815e-10,4.838e-10
30,0.74,3.239e-11,3.995e-11,6.017e-11,7.392e-12,9.161e-12,1.163e-11,2.981e-11,3.818e-11,4.784e-11,4.814e-10,4.814e-10,4.843e-10
35,0.74,3.216e-11,3.964e-11,5.958e-11,7.378e-12,9.141e-12,1.158e-11,2.948e-11,3.774e-11,4.756e-11,4.811e-10,4.811e-10,4.846e-10
40,0.74,3.193e-11,3.933e-11,5.898e-11,7.366e-12,9.121e-12,1.153e-11,2.914e-11,3.73e-11,4.729e-11,4.809e-10,4.809e-10,4.85e-10
45,0.74,3.169e-11,3.901e-11,5.838e-11,7.353e-12,9.099e-12,1.148e-11,2.88e-11,3.685e-11,4.703e-11,4.806e-10,4.806e-10,4.853e-10
50,0.74,3.145e-11,3.869e-11,5.778e-11,7.34e-12,9.077e-12,1.143e-11,2.847e-11,3.64e-11,4.677e-11,4.802e-10,4.802e-10,4.855e-10
55,0.74,3.122e-11,3.837e-11,5.717e-11,7.327e-12,9.055e-12,1.139e-11,2.813e-11,3.594e-11,4.651e-11,4.798e-10,4.798e-10,4.857e-10
60,0.74,3.098e-11,3.805e-11,5.656e-11,7.314e-12,9.033e-12,1.134e-11,2.78e-11,3.548e-11,4.625e-11,4.794e-10,4.794e-10,4.858e-10
65,0.74,3.074e-11,3.772e-11,5.594e-11,7.3e-12,9.011e-12,1.129e-11,2.747e-11,3.502e-11,4.597e-11,4.789e-10,4.789e-10,4.859e-10
70,0.74,3.05e-11,3.74e-11,5.532e-11,7.288e-12,8.987e-12,1.124e-11,2.714e-11,3.456e-11,4.565e-11,4.784e-10,4.784e-10,4.86e-10
75,0.74,3.026e-11,3.707e-11,5.469e-11,7.274e-12,8.965e-12,1.119e-11,2.682e-11,3.41e-11,4.528e-11,4.779e-10,4.779e-10,4.86e-10
80,0.74,3.002e-11,3.674e-11,5.407e-11,7.261e-12,8.942e-12,1.113e-11,2.649e-11,3.364e-11,4.488e-11,4.773e-10,4.773e-10,4.859e-10
85,0.74,2.978e-11,3.641e-11,5.344e-11,7.248e-12,8.919e-12,1.108e-11,2.617e-11,3.318e-11,4.446e-11,4.767e-10,4.767e-10,4.858e-10
90,0.74,2.955e-11,3.608e-11,5.281e-11,7.234e-12,8.896e-12,1.103e-11,2.585e-11,3.273e-11,4.4e-11,4.761e-10,4.761e-10,4.857e-10
95,0.74,2.931e-11,3.575e-11,5.219e-11,7.22e-12,8.872e-12,1.097e-11,2.553e-11,3.227e-11,4.354e-11,4.754e-10,4.754e-10,4.855e-10
100,0.74,2.907e-11,3.542e-11,5.157e-11,7.207e-12,8.848e-12,1.092e-11,2.521e-11,3.181e-11,4.305e-11,4.747e-10,4.747e-10,4.853e-10
105,0.74,2.884e-11,3.509e-11,5.095e-11,7.194e-12,8.826e-12,1.087e-11,2.489e-11,3.135e-11,4.256e-11,4.739e-10,4.739e-10,4.85e-10
110,0.74,2.86e-11,3.476e-11,5.033e-11,7.181e-12,8.802e-12,1.081e-11,2.457e-11,3.089e-11,4.206e-11,4.731e-10,4.731e-10,4.847e-10
115,0.74,2.837e-11,3.443e-11,4.971e-11,7.167e-12,8.778e-12,1.076e-11,2.426e-11,3.043e-11,4.155e-11,4.723e-10,4.723e-10,4.843e-10
120,0.74,2.814e-11,3.41e-11,4.91e-11,7.153e-12,8.756e-12,1.07e-11,2.394e-11,2.997e-11,4.103e-11,4.715e-10,4.715e-10,4.839e-10
125,0.74,2.791e-11,3.377e-11,4.848e-11,7.14e-12,8.732e-12,1.065e-11,2.363e-11,2.951e-11,4.051e-11,4.705e-10,4.705e-10,4.834e-10
130,0.74,2.768e-11,3.344e-11,4.787e-11,7.127e-12,8.709e-12,1.059e-11,2.332e-11,2.905e-11,3.999e-11,4.696e-10,4.696e-10,4.829e-10
-20,0.76,3.299e-11,4.058e-11,6.195e-11,7.322e-12,9.057e-12,1.157e-11,3.147e-11,4.002e-11,4.75e-11,4.567e-10,4.567e-10,4.528e-10
-15,0.76,3.282e-11,4.037e-11,6.144e-11,7.314e-12,9.044e-12,1.154e-11,3.119e-11,3.967e-11,4.724e-11,4.572e-10,4.572e-10,4.541e-10
-10,0.76,3.265e-11,4.015e-11,6.093e-11,7.305e-12,9.031e-12,1.15e-11,3.09e-11,3.93e-11,4.699e-11,4.576e-10,4.576e-10,4.552e-10
-5,0.76,3.246e-11,3.992e-11,6.042e-11,7.295e-12,9.017e-12,1.147e-11,3.06e-11,3.893e-11,4.673e-11,4.579e-10,4.579e-10,4.562e-10
0,0.76,3.227e-11,3.968e-11,5.991e-11,7.286e-12,9.002e-12,1.143e-11,3.031e-11,3.856e-11,4.646e-11,4.582e-10,4.582e-10,4.571e-10
5,0.76,3.208e-11,3.944e-11,5.939e-11,7.277e-12,8.987e-12,1.139e-11,3.001e-11,3.818e-11,4.62e-11,4.585e-10,4.585e-10,4.581e-10
10,0.76,3.187e-11,3.919e-11,5.886e-11,7.267e-12,8.972e-12,1.136e-11,2.971e-11,3.78e-11,4.593e-11,4.586e-10,4.586e-10,4.589e-10
15,0.76,3.167e-11,3.893e-11,5.833e-11,7.257e-12,8.955e-12,1.132e-11,2.94e-11,3.741e-11,4.566e-11,4.587e-10,4.587e-10,4.597e-10
20,0.76,3.146e-11,3.866e-11,5.78e-11,7.247e-12,8.939e-12,1.128e-11,2.909e-11,3.702e-11,4.538e-11,4.588e-10,4.588e-10,4.604e-10
25,0.76,3.124e-11,3.839e-11,5.726e-11,7.237e-12,8.922e-12,1.124e-11,2.877e-11,3.663e-11,4.511e-11,4.588e-10,4.588e-10,4.61e-10
30,0.76,3.103e-11,3.811e-11,5.672e-11,7.227e-12,8.906e-12,1.12e-11,2.846e-11,3.622e-11,4.483e-11,4.588e-10,4.588e-10,4.616e-10
35,0.76,3.081e-11,3.782e-11,5.618e-11,7.216e-12,8.888e-12,1.115e-11,2.814e-11,3.581e-11,4.456e-11,4.587e-10,4.587e-10,4.621e-10
40,0.76,3.059e-11,3.753e-11,5.563e-11,7.205e-12,8.869e-12,1.111e-11,2.782e-11,3.539e-11,4.429e-11,4.586e-10,4.586e-10,4.626e-10
45,0.76,3.037e-11,3.723e-11,5.507e-11,7.194e-12,8.851e-12,1.107e-11,2.75e-11,3.497e-11,4.402e-11,4.585e-10,4.585e-10,4.631e-10
50,0.76,3.015e-11,3.693e-11,5.451e-11,7.183e-12,8.833e-12,1.103e-11,2.719e-11,3.455e-11,4.375e-11,4.583e-10,4.583e-10,4.634e-10
55,0.76,2.993e-11,3.663e-11,5.394e-11,7.173e-12,8.814e-12,1.098e-11,2.688e-11,3.412e-11,4.348e-11,4.581e-10,4.581e-10,4.638e-10
60,0.76,2.971e-11,3.633e-11,5.337e-11,7.161e-12,8.794e-12,1.094e-11,2.656e-11,3.369e-11,4.321e-11,4.579e-10,4.579e-10,4.641e-10
65,0.76,2.948e-11,3.603e-11,5.28e-11,7.151e-12,8.775e-12,1.089e-11,2.625e-11,3.326e-11,4.295e-11,4.576e-10,4.576e-10,4.643e-10
70,0.76,2.926e-11,3.573e-11,5.222e-11,7.14e-12,8.756e-12,1.084e-11,2.595e-11,3.283e-11,4.268e-11,4.573e-10,4.573e-10,4.645e-10
75,0.76,2.904e-11,3.542e-11,5.164e-11,7.129e-12,8.736e-12,1.08e-11,2.564e-11,3.24e-11,4.24e-11,4.569e-10,4.569e-10,4.647e-10
80,0.76,2.882e-11,3.511e-11,5.106e-11,7.116e-12,8.716e-12,1.075e-11,2.533e-11,3.197e-11,4.21e-11,4.565e-10,4.565e-10,4.648e-10
85,0.76,2.859e-11,3.481e-11,5.048e-11,7.106e-12,8.696e-12,1.07e-11,2.503e-11,3.154e-11,4.175e-11,4.561e-10,4.561e-10,4.648e-10
90,0.76,2.837e-11,3.45e-11,4.99e-11,7.095e-12,8.676e-12,1.065e-11,2.473e-11,3.112e-11,4.137e-11,4.556e-10,4.556e-10,4.649e-10
95,0.76,2.815e-11,3.419e-11,4.933e-11,7.084e-12,8.656e-12,1.06e-11,2.443e-11,3.069e-11,4.096e-11,4.551e-10,4.551e-10,4.648e-10
100,0.76,2.793e-11,3.388e-11,4.875e-11,7.072e-12,8.635e-12,1.056e-11,2.413e-11,3.026e-11,4.053e-11,4.546e-10,4.546e-10,4.648e-10
105,0.76,2.771e-11,3.357e-11,4.818e-11,7.061e-12,8.616e-12,1.051e-11,2.383e-11,2.984e-11,4.008e-11,4.54e-10,4.54e-10,4.647e-10
110,0.76,2.749e-11,3.327e-11,4.76e-11,7.049e-12,8.596e-12,1.046e-11,2.354e-11,2.941e-11,3.962e-11,4.534e-10,4.534e-10,4.646e-10
115,0.76,2.728e-11,3.296e-11,4.703e-11,7.037e-12,8.576e-12,1.041e-11,2.324e-11,2.898e-11,3.916e-11,4.528e-10,4.528e-10,4.644e-10
120,0.76,2.706e-11,3.265e-11,4.646e-11,7.027e-12,8.556e-12,1.036e-11,2.295e-11,2.856e-11,3.868e-11,4.521e-10,4.521e-10,4.641e-10
125,0.76,2.685e-11,3.234e-11,4.59e-11,7.015e-12,8.536e-12,1.031e-11,2.266e-11,2.813e-11,3.82e-11,4.514e-10,4.514e-10,4.638e-10
130,0.76,2.663e-11,3.204e-11,4.533e-11,7.005e-12,8.516e-12,1.026e-11,2.236e-11,2.771e-11,3.772e-11,4.506e-10,4.506e-10,4.634e-10
-20,0.78,3.165e-11,3.878e-11,5.85e-11,7.158e-12,8.803e-12,1.116e-11,3.008e-11,3.798e-11,4.476e-11,4.352e-10,4.352e-10,4.316e-10
-15,0.78,3.149e-11,3.858e-11,5.804e-11,7.152e-12,8.793e-12,1.113e-11,2.981e-11,3.765e-11,4.452e-11,4.358e-10,4.358e-10,4.328e-10
-10,0.78,3.132e-11,3.837e-11,5.757e-11,7.145e-12,8.783e-12,1.11e-11,2.954e-11,3.732e-11,4.427e-11,4.363e-10,4.363e-10,4.34e-10
-5,0.78,3.115e-11,3.816e-11,5.709e-11,7.137e-12,8.771e-12,1.107e-11,2.926e-11,3.698e-11,4.402e-11,4.367e-10,4.367e-10,4.351e-10
0,0.78,3.097e-11,3.794e-11,5.662e-11,7.13e-12,8.759e-12,1.104e-11,2.898e-11,3.663e-11,4.377e-11,4.371e-10,4.371e-10,4.361e-10
5,0.78,3.078e-11,3.771e-11,5.613e-11,7.122e-12,8.746e-12,1.1e-11,2.869e-11,3.628e-11,4.352e-11,4.375e-10,4.375e-10,4.371e-10
10,0.78,3.059e-11,3.747e-11,5.565e-11,7.114e-12,8.734e-12,1.097e-11,2.84e-11,3.592e-11,4.326e-11,4.377e-10,4.377e-10,4.38e-10
15,0.78,3.039e-11,3.723e-11,5.515e-11,7.105e-12,8.721e-12,1.093e-11,2.811e-11,3.556e-11,4.3e-11,4.38e-10,4.38e-10,4.389e-10
20,0.78,3.019e-11,3.697e-11,5.466e-11,7.098e-12,8.707e-12,1.09e-11,2.781e-11,3.519e-11,4.274e-11,4.382e-10,4.382e-10,4.397e-10
25,0.78,2.999e-11,3.671e-11,5.416e-11,7.089e-12,8.692e-12,1.086e-11,2.751e-11,3.482e-11,4.247e-11,4.384e-10,4.384e-10,4.405e-10
30,0.78,2.979e-11,3.645e-11,5.366e-11,7.08e-12,8.677e-12,1.082e-11,2.721e-11,3.444e-11,4.221e-11,4.385e-10,4.385e-10,4.412e-10
35,0.78,2.959e-11,3.618e-11,5.315e-11,7.072e-12,8.662e-12,1.078e-11,2.691e-11,3.405e-11,4.194e-11,4.386e-10,4.386e-10,4.419e-10
40,0.78,2.938e-11,3.59e-11,5.263e-11,7.062e-12,8.648e-12,1.074e-11,2.661e-11,3.365e-11,4.167e-11,4.386e-10,4.386e-10,4.425e-10
45,0.78,2.918e-11,3.563e-11,5.211e-11,7.054e-12,8.632e-12,1.07e-11,2.631e-11,3.325e-11,4.139e-11,4.386e-10,4.386e-10,4.43e-10
50,0.78,2.897e-11,3.535e-11,5.159e-11,7.045e-12,8.616e-12,1.067e-11,2.601e-11,3.285e-11,4.112e-11,4.386e-10,4.386e-10,4.435e-10
55,0.78,2.876e-11,3.507e-11,5.106e-11,7.036e-12,8.599e-12,1.062e-11,2.571e-11,3.245e-11,4.085e-11,4.385e-10,4.385e-10,4.44e-10
60,0.78,2.855e-11,3.478e-11,5.053e-11,7.027e-12,8.583e-12,1.058e-11,2.542e-11,3.204e-11,4.057e-11,4.384e-10,4.384e-10,4.444e-10
65,0.78,2.834e-11,3.45e-11,4.999e-11,7.018e-12,8.567e-12,1.054e-11,2.513e-11,3.164e-11,4.03e-11,4.383e-10,4.383e-10,4.448e-10
70,0.78,2.813e-11,3.421e-11,4.945e-11,7.009e-12,8.55e-12,1.05e-11,2.484e-11,3.123e-11,4.002e-11,4.381e-10,4.381e-10,4.451e-10
75,0.78,2.793e-11,3.393e-11,4.891e-11,7e-12,8.533e-12,1.045e-11,2.455e-11,3.083e-11,3.974e-11,4.379e-10,4.379e-10,4.454e-10
80,0.78,2.772e-11,3.364e-11,4.837e-11,6.99e-12,8.515e-12,1.041e-11,2.426e-11,3.043e-11,3.946e-11,4.376e-10,4.376e-10,4.456e-10
85,0.78,2.751e-11,3.335e-11,4.783e-11,6.981e-12,8.498e-12,1.037e-11,2.397e-11,3.003e-11,3.918e-11,4.373e-10,4.373e-10,4.458e-10
90,0.78,2.73e-11,3.307e-11,4.73e-11,6.971e-12,8.481e-12,1.032e-11,2.369e-11,2.963e-11,3.887e-11,4.37e-10,4.37e-10,4.46e-10
95,0.78,2.709e-11,3.278e-11,4.676e-11,6.962e-12,8.464e-12,1.028e-11,2.34e-11,2.923e-11,3.855e-11,4.367e-10,4.367e-10,4.461e-10
100,0.78,2.689e-11,3.249e-11,4.622e-11,6.953e-12,8.446e-12,1.023e-11,2.312e-11,2.883e-11,3.819e-11,4.363e-10,4.363e-10,4.462e-10
105,0.78,2.669e-11,3.22e-11,4.569e-11,6.944e-12,8.429e-12,1.019e-11,2.284e-11,2.843e-11,3.78e-11,4.359e-10,4.359e-10,4.462e-10
110,0.78,2.648e-11,3.191e-11,4.516e-11,6.934e-12,8.411e-12,1.014e-11,2.256e-11,2.803e-11,3.739e-11,4.354e-10,4.354e-10,4.462e-10
115,0.78,2.628e-11,3.163e-11,4.463e-11,6.925e-12,8.394e-12,1.01e-11,2.228e-11,2.763e-11,3.697e-11,4.35e-10,4.35e-10,4.462e-10
120,0.78,2.608e-11,3.134e-11,4.41e-11,6.915e-12,8.376e-12,1.005e-11,2.201e-11,2.723e-11,3.654e-11,4.344e-10,4.344e-10,4.461e-10
125,0.78,2.587e-11,3.105e-11,4.357e-11,6.906e-12,8.36e-12,1e-11,2.173e-11,2.683e-11,3.61e-11,4.339e-10,4.339e-10,4.459e-10
130,0.78,2.567e-11,3.077e-11,4.304e-11,6.896e-12,8.342e-12,9.955e-12,2.146e-11,2.644e-11,3.566e-11,4.332e-10,4.332e-10,4.457e-10
-20,0.8,3.043e-11,3.716e-11,5.544e-11,7.013e-12,8.58e-12,1.08e-11,2.881e-11,3.608e-11,4.236e-11,4.158e-10,4.158e-10,4.123e-10
-15,0.8,3.028e-11,3.697e-11,5.501e-11,7.007e-12,8.572e-12,1.077e-11,2.855e-11,3.579e-11,4.213e-11,4.164e-10,4.164e-10,4.136e-10
-10,0.8,3.012e-11,3.677e-11,5.457e-11,7.002e-12,8.562e-12,1.075e-11,2.829e-11,3.549e-11,4.189e-11,4.171e-10,4.171e-10,4.149e-10
-5,0.8,2.995e-11,3.657e-11,5.413e-11,6.996e-12,8.553e-12,1.072e-11,2.802e-11,3.518e-11,4.164e-11,4.176e-10,4.176e-10,4.161e-10
0,0.8,2.978e-11,3.636e-11,5.368e-11,6.99e-12,8.543e-12,1.069e-11,2.775e-11,3.487e-11,4.14e-11,4.181e-10,4.181e-10,4.172e-10
5,0.8,2.96e-11,3.614e-11,5.323e-11,6.985e-12,8.533e-12,1.066e-11,2.748e-11,3.454e-11,4.115e-11,4.185e-10,4.185e-10,4.183e-10
10,0.8,2.942e-11,3.592e-11,5.277e-11,6.978e-12,8.522e-12,1.062e-11,2.72e-11,3.421e-11,4.09e-11,4.189e-10,4.189e-10,4.193e-10
15,0.8,2.923e-11,3.568e-11,5.232e-11,6.972e-12,8.511e-12,1.059e-11,2.692e-11,3.387e-11,4.065e-11,4.193e-10,4.193e-10,4.202e-10
20,0.8,2.904e-11,3.544e-11,5.185e-11,6.965e-12,8.499e-12,1.056e-11,2.664e-11,3.352e-11,4.04e-11,4.196e-10,4.196e-10,4.211e-10
25,0.8,2.886e-11,3.52e-11,5.138e-11,6.958e-12,8.486e-12,1.052e-11,2.635e-11,3.316e-11,4.014e-11,4.199e-10,4.199e-10,4.22e-10
30,0.8,2.867e-11,3.494e-11,5.091e-11,6.951e-12,8.474e-12,1.049e-11,2.606e-11,3.28e-11,3.988e-11,4.201e-10,4.201e-10,4.227e-10
35,0.8,2.847e-11,3.469e-11,5.043e-11,6.945e-12,8.462e-12,1.045e-11,2.577e-11,3.243e-11,3.962e-11,4.203e-10,4.203e-10,4.235e-10
40,0.8,2.828e-11,3.443e-11,4.995e-11,6.938e-12,8.448e-12,1.042e-11,2.549e-11,3.206e-11,3.935e-11,4.204e-10,4.204e-10,4.242e-10
45,0.8,2.809e-11,3.417e-11,4.946e-11,6.931e-12,8.436e-12,1.038e-11,2.521e-11,3.168e-11,3.908e-11,4.206e-10,4.206e-10,4.248e-10
50,0.8,2.789e-11,3.391e-11,4.897e-11,6.923e-12,8.422e-12,1.034e-11,2.492e-11,3.129e-11,3.881e-11,4.207e-10,4.207e-10,4.255e-10
55,0.8,2.77e-11,3.364e-11,4.847e-11,6.916e-12,8.408e-12,1.031e-11,2.464e-11,3.091e-11,3.853e-11,4.207e-10,4.207e-10,4.26e-10
60,0.8,2.75e-11,3.338e-11,4.797e-11,6.909e-12,8.394e-12,1.027e-11,2.436e-11,3.053e-11,3.826e-11,4.207e-10,4.207e-10,4.265e-10
65,0.8,2.73e-11,3.311e-11,4.747e-11,6.901e-12,8.379e-12,1.023e-11,2.409e-11,3.015e-11,3.798e-11,4.207e-10,4.207e-10,4.27e-10
70,0.8,2.711e-11,3.284e-11,4.696e-11,6.894e-12,8.365e-12,1.019e-11,2.381e-11,2.977e-11,3.769e-11,4.206e-10,4.206e-10,4.274e-10
75,0.8,2.691e-11,3.258e-11,4.646e-11,6.886e-12,8.35e-12,1.015e-11,2.354e-11,2.939e-11,3.74e-11,4.206e-10,4.206e-10,4.278e-10
80,0.8,2.672e-11,3.231e-11,4.595e-11,6.879e-12,8.335e-12,1.011e-11,2.326e-11,2.901e-11,3.711e-11,4.204e-10,4.204e-10,4.282e-10
85,0.8,2.652e-11,3.204e-11,4.545e-11,6.871e-12,8.32e-12,1.007e-11,2.299e-11,2.864e-11,3.682e-11,4.203e-10,4.203e-10,4.285e-10
90,0.8,2.633e-11,3.177e-11,4.495e-11,6.863e-12,8.306e-12,1.003e-11,2.272e-11,2.826e-11,3.653e-11,4.201e-10,4.201e-10,4.288e-10
95,0.8,2.613e-11,3.15e-11,4.445e-11,6.855e-12,8.291e-12,9.986e-12,2.246e-11,2.788e-11,3.624e-11,4.199e-10,4.199e-10,4.29e-10
100,0.8,2.594e-11,3.122e-11,4.395e-11,6.848e-12,8.276e-12,9.945e-12,2.219e-11,2.75e-11,3.594e-11,4.196e-10,4.196e-10,4.292e-10
105,0.8,2.575e-11,3.095e-11,4.345e-11,6.841e-12,8.262e-12,9.902e-12,2.192e-11,2.712e-11,3.563e-11,4.193e-10,4.193e-10,4.293e-10
110,0.8,2.556e-11,3.068e-11,4.295e-11,6.832e-12,8.246e-12,9.86e-12,2.166e-11,2.675e-11,3.529e-11,4.19e-10,4.19e-10,4.295e-10
115,0.8,2.536e-11,3.041e-11,4.246e-11,6.825e-12,8.232e-12,9.818e-12,2.139e-11,2.637e-11,3.493e-11,4.187e-10,4.187e-10,4.295e-10
120,0.8,2.517e-11,3.014e-11,4.196e-11,6.817e-12,8.218e-12,9.774e-12,2.113e-11,2.6e-11,3.455e-11,4.183e-10,4.183e-10,4.295e-10
125,0.8,2.499e-11,2.988e-11,4.147e-11,6.81e-12,8.204e-12,9.731e-12,2.087e-11,2.562e-11,3.417e-11,4.179e-10,4.179e-10,4.295e-10
130,0.8,2.48e-11,2.961e-11,4.098e-11,6.802e-12,8.19e-12,9.688e-12,2.061e-11,2.525e-11,3.376e-11,4.173e-10,4.173e-10,4.294e-10
-20,0.82,2.932e-11,3.569e-11,5.27e-11,6.884e-12,8.379e-12,1.049e-11,2.764e-11,3.428e-11,4.023e-11,3.983e-10,3.983e-10,3.95e-10
-15,0.82,2.917e-11,3.551e-11,5.23e-11,6.88e-12,8.373e-12,1.046e-11,2.739e-11,3.403e-11,4.001e-11,3.99e-10,3.99e-10,3.964e-10
-10,0.82,2.901e-11,3.532e-11,5.188e-11,6.876e-12,8.366e-12,1.043e-11,2.714e-11,3.377e-11,3.977e-11,3.997e-10,3.997e-10,3.977e-10
-5,0.82,2.885e-11,3.513e-11,5.147e-11,6.872e-12,8.358e-12,1.041e-11,2.688e-11,3.35e-11,3.954e-11,4.003e-10,4.003e-10,3.989e-10
0,0.82,2.869e-11,3.493e-11,5.105e-11,6.868e-12,8.35e-12,1.038e-11,2.662e-11,3.321e-11,3.93e-11,4.009e-10,4.009e-10,4.001e-10
5,0.82,2.852e-11,3.472e-11,5.062e-11,6.863e-12,8.341e-12,1.035e-11,2.636e-11,3.292e-11,3.905e-11,4.014e-10,4.014e-10,4.012e-10
10,0.82,2.835e-11,3.45e-11,5.02e-11,6.859e-12,8.332e-12,1.032e-11,2.609e-11,3.261e-11,3.881e-11,4.019e-10,4.019e-10,4.022e-10
15,0.82,2.817e-11,3.428e-11,4.976e-11,6.854e-12,8.323e-12,1.029e-11,2.582e-11,3.229e-11,3.856e-11,4.023e-10,4.023e-10,4.033e-10
20,0.82,2.799e-11,3.405e-11,4.933e-11,6.849e-12,8.314e-12,1.026e-11,2.555e-11,3.197e-11,3.831e-11,4.027e-10,4.027e-10,4.042e-10
25,0.82,2.782e-11,3.381e-11,4.889e-11,6.844e-12,8.303e-12,1.023e-11,2.528e-11,3.163e-11,3.806e-11,4.031e-10,4.031e-10,4.051e-10
30,0.82,2.764e-11,3.358e-11,4.844e-11,6.838e-12,8.292e-12,1.02e-11,2.5e-11,3.129e-11,3.78e-11,4.034e-10,4.034e-10,4.06e-10
35,0.82,2.746e-11,3.333e-11,4.799e-11,6.832e-12,8.282e-12,1.016e-11,2.473e-11,3.094e-11,3.755e-11,4.037e-10,4.037e-10,4.068e-10
40,0.82,2.727e-11,3.309e-11,4.753e-11,6.828e-12,8.271e-12,1.013e-11,2.446e-11,3.058e-11,3.729e-11,4.039e-10,4.039e-10,4.076e-10
45,0.82,2.709e-11,3.285e-11,4.707e-11,6.822e-12,8.26e-12,1.01e-11,2.419e-11,3.022e-11,3.702e-11,4.042e-10,4.042e-10,4.083e-10
50,0.82,2.691e-11,3.26e-11,4.66e-11,6.816e-12,8.248e-12,1.006e-11,2.392e-11,2.987e-11,3.675e-11,4.044e-10,4.044e-10,4.09e-10
55,0.82,2.672e-11,3.235e-11,4.613e-11,6.81e-12,8.235e-12,1.003e-11,2.366e-11,2.951e-11,3.648e-11,4.045e-10,4.045e-10,4.096e-10
60,0.82,2.654e-11,3.21e-11,4.566e-11,6.804e-12,8.224e-12,9.99e-12,2.339e-11,2.915e-11,3.62e-11,4.046e-10,4.046e-10,4.103e-10
65,0.82,2.635e-11,3.185e-11,4.519e-11,6.798e-12,8.211e-12,9.953e-12,2.313e-11,2.879e-11,3.592e-11,4.047e-10,4.047e-10,4.108e-10
70,0.82,2.617e-11,3.16e-11,4.471e-11,6.792e-12,8.199e-12,9.917e-12,2.287e-11,2.843e-11,3.563e-11,4.047e-10,4.047e-10,4.113e-10
75,0.82,2.598e-11,3.134e-11,4.424e-11,6.786e-12,8.187e-12,9.88e-12,2.261e-11,2.807e-11,3.534e-11,4.047e-10,4.047e-10,4.118e-10
80,0.82,2.58e-11,3.109e-11,4.377e-11,6.78e-12,8.175e-12,9.842e-12,2.235e-11,2.771e-11,3.504e-11,4.047e-10,4.047e-10,4.122e-10
85,0.82,2.562e-11,3.083e-11,4.33e-11,6.775e-12,8.162e-12,9.804e-12,2.21e-11,2.735e-11,3.474e-11,4.047e-10,4.047e-10,4.126e-10
90,0.82,2.543e-11,3.058e-11,4.283e-11,6.769e-12,8.15e-12,9.765e-12,2.184e-11,2.699e-11,3.444e-11,4.046e-10,4.046e-10,4.13e-10
95,0.82,2.525e-11,3.033e-11,4.236e-11,6.763e-12,8.137e-12,9.726e-12,2.159e-11,2.664e-11,3.415e-11,4.045e-10,4.045e-10,4.133e-10
100,0.82,2.507e-11,3.007e-11,4.189e-11,6.756e-12,8.126e-12,9.687e-12,2.133e-11,2.628e-11,3.385e-11,4.044e-10,4.044e-10,4.136e-10
105,0.82,2.489e-11,2.982e-11,4.142e-11,6.75e-12,8.113e-12,9.647e-12,2.109e-11,2.592e-11,3.356e-11,4.042e-10,4.042e-10,4.139e-10
110,0.82,2.471e-11,2.956e-11,4.096e-11,6.744e-12,8.101e-12,9.609e-12,2.084e-11,2.556e-11,3.327e-11,4.04e-10,4.04e-10,4.141e-10
115,0.82,2.453e-11,2.931e-11,4.049e-11,6.738e-12,8.089e-12,9.569e-12,2.059e-11,2.521e-11,3.298e-11,4.037e-10,4.037e-10,4.143e-10
120,0.82,2.435e-11,2.906e-11,4.003e-11,6.732e-12,8.077e-12,9.529e-12,2.034e-11,2.485e-11,3.267e-11,4.035e-10,4.035e-10,4.144e-10
125,0.82,2.417e-11,2.881e-11,3.957e-11,6.726e-12,8.067e-12,9.49e-12,2.01e-11,2.45e-11,3.234e-11,4.031e-10,4.031e-10,4.145e-10
130,0.82,2.4e-11,2.855e-11,3.911e-11,6.72e-12,8.055e-12,9.45e-12,1.986e-11,2.415e-11,3.198e-11,4.028e-10,4.028e-10,4.145e-10
-20,0.84,2.83e-11,3.435e-11,5.024e-11,6.77e-12,8.2e-12,1.021e-11,2.655e-11,3.263e-11,3.832e-11,3.824e-10,3.824e-10,3.793e-10
-15,0.84,2.815e-11,3.418e-11,4.985e-11,6.768e-12,8.195e-12,1.018e-11,2.632e-11,3.239e-11,3.81e-11,3.832e-10,3.832e-10,3.807e-10
-10,0.84,2.801e-11,3.4e-11,4.946e-11,6.765e-12,8.19e-12,1.016e-11,2.608e-11,3.214e-11,3.788e-11,3.839e-10,3.839e-10,3.82e-10
-5,0.84,2.785e-11,3.381e-11,4.907e-11,6.763e-12,8.183e-12,1.013e-11,2.583e-11,3.189e-11,3.765e-11,3.846e-10,3.846e-10,3.833e-10
0,0.84,2.769e-11,3.362e-11,4.867e-11,6.76e-12,8.177e-12,1.011e-11,2.558e-11,3.164e-11,3.742e-11,3.852e-10,3.852e-10,3.845e-10
5,0.84,2.753e-11,3.342e-11,4.827e-11,6.756e-12,8.17e-12,1.008e-11,2.533e-11,3.138e-11,3.718e-11,3.858e-10,3.858e-10,3.856e-10
10,0.84,2.737e-11,3.321e-11,4.787e-11,6.753e-12,8.163e-12,1.005e-11,2.507e-11,3.111e-11,3.694e-11,3.864e-10,3.864e-10,3.867e-10
15,0.84,2.72e-11,3.3e-11,4.746e-11,6.75e-12,8.154e-12,1.002e-11,2.481e-11,3.082e-11,3.669e-11,3.869e-10,3.869e-10,3.878e-10
20,0.84,2.703e-11,3.278e-11,4.704e-11,6.746e-12,8.147e-12,9.994e-12,2.455e-11,3.052e-11,3.645e-11,3.873e-10,3.873e-10,3.888e-10
25,0.84,2.686e-11,3.255e-11,4.663e-11,6.742e-12,8.138e-12,9.966e-12,2.429e-11,3.021e-11,3.62e-11,3.878e-10,3.878e-10,3.898e-10
30,0.84,2.669e-11,3.233e-11,4.62e-11,6.738e-12,8.129e-12,9.934e-12,2.403e-11,2.988e-11,3.594e-11,3.882e-10,3.882e-10,3.907e-10
35,0.84,2.652e-11,3.21e-11,4.577e-11,6.734e-12,8.12e-12,9.903e-12,2.377e-11,2.955e-11,3.569e-11,3.885e-10,3.885e-10,3.916e-10
40,0.84,2.635e-11,3.187e-11,4.534e-11,6.73e-12,8.111e-12,9.871e-12,2.352e-11,2.922e-11,3.543e-11,3.889e-10,3.889e-10,3.924e-10
45,0.84,2.618e-11,3.164e-11,4.49e-11,6.725e-12,8.101e-12,9.839e-12,2.327e-11,2.888e-11,3.517e-11,3.892e-10,3.892e-10,3.932e-10
50,0.84,2.6e-11,3.14e-11,4.446e-11,6.721e-12,8.092e-12,9.806e-12,2.302e-11,2.855e-11,3.491e-11,3.894e-10,3.894e-10,3.94e-10
55,0.84,2.583e-11,3.117e-11,4.401e-11,6.717e-12,8.083e-12,9.773e-12,2.277e-11,2.821e-11,3.463e-11,3.897e-10,3.897e-10,3.947e-10
60,0.84,2.566e-11,3.093e-11,4.357e-11,6.712e-12,8.073e-12,9.739e-12,2.253e-11,2.787e-11,3.436e-11,3.899e-10,3.899e-10,3.953e-10
65,0.84,2.548e-11,3.069e-11,4.312e-11,6.708e-12,8.063e-12,9.705e-12,2.228e-11,2.753e-11,3.407e-11,3.9e-10,3.9e-10,3.96e-10
70,0.84,2.531e-11,3.045e-11,4.268e-11,6.704e-12,8.053e-12,9.67e-12,2.204e-11,2.719e-11,3.379e-11,3.902e-10,3.902e-10,3.965e-10
75,0.84,2.513e-11,3.022e-11,4.223e-11,6.699e-12,8.042e-12,9.635e-12,2.18e-11,2.685e-11,3.349e-11,3.903e-10,3.903e-10,3.971e-10
80,0.84,2.496e-11,2.998e-11,4.179e-11,6.695e-12,8.032e-12,9.6e-12,2.156e-11,2.651e-11,3.319e-11,3.903e-10,3.903e-10,3.976e-10
85,0.84,2.479e-11,2.974e-11,4.135e-11,6.69e-12,8.022e-12,9.565e-12,2.131e-11,2.617e-11,3.29e-11,3.904e-10,3.904e-10,3.981e-10
90,0.84,2.461e-11,2.95e-11,4.09e-11,6.686e-12,8.012e-12,9.529e-12,2.108e-11,2.583e-11,3.26e-11,3.904e-10,3.904e-10,3.985e-10
95,0.84,2.444e-11,2.926e-11,4.046e-11,6.68e-12,8.002e-12,9.493e-12,2.084e-11,2.549e-11,3.23e-11,3.904e-10,3.904e-10,3.99e-10
100,0.84,2.427e-11,2.902e-11,4.002e-11,6.676e-12,7.992e-12,9.457e-12,2.06e-11,2.516e-11,3.201e-11,3.903e-10,3.903e-10,3.993e-10
105,0.84,2.41e-11,2.878e-11,3.958e-11,6.672e-12,7.983e-12,9.42e-12,2.036e-11,2.482e-11,3.171e-11,3.902e-10,3.902e-10,3.997e-10
110,0.84,2.393e-11,2.854e-11,3.915e-11,6.667e-12,7.973e-12,9.384e-12,2.013e-11,2.448e-11,3.143e-11,3.901e-10,3.901e-10,4e-10
115,0.84,2.376e-11,2.83e-11,3.871e-11,6.662e-12,7.963e-12,9.347e-12,1.989e-11,2.414e-11,3.114e-11,3.9e-10,3.9e-10,4.002e-10
120,0.84,2.359e-11,2.806e-11,3.827e-11,6.657e-12,7.954e-12,9.31e-12,1.966e-11,2.381e-11,3.086e-11,3.898e-10,3.898e-10,4.004e-10
125,0.84,2.343e-11,2.783e-11,3.783e-11,6.654e-12,7.945e-12,9.274e-12,1.943e-11,2.347e-11,3.057e-11,3.896e-10,3.896e-10,4.006e-10
130,0.84,2.326e-11,2.759e-11,3.74e-11,6.649e-12,7.937e-12,9.237e-12,1.919e-11,2.314e-11,3.027e-11,3.893e-10,3.893e-10,4.007e-10
-20,0.86,2.736e-11,3.313e-11,4.801e-11,6.67e-12,8.039e-12,9.958e-12,2.555e-11,3.114e-11,3.66e-11,3.68e-10,3.68e-10,3.65e-10
-15,0.86,2.722e-11,3.296e-11,4.764e-11,6.669e-12,8.035e-12,9.935e-12,2.532e-11,3.09e-11,3.639e-11,3.688e-10,3.688e-10,3.664e-10
-10,0.86,2.708e-11,3.279e-11,4.727e-11,6.668e-12,8.03e-12,9.912e-12,2.509e-11,3.066e-11,3.617e-11,3.695e-10,3.695e-10,3.677e-10
-5,0.86,2.693e-11,3.261e-11,4.69e-11,6.666e-12,8.026e-12,9.888e-12,2.486e-11,3.041e-11,3.595e-11,3.702e-10,3.702e-10,3.69e-10
0,0.86,2.678e-11,3.242e-11,4.652e-11,6.664e-12,8.02e-12,9.862e-12,2.462e-11,3.017e-11,3.572e-11,3.709e-10,3.709e-10,3.702e-10
5,0.86,2.662e-11,3.223e-11,4.614e-11,6.662e-12,8.016e-12,9.837e-12,2.438e-11,2.992e-11,3.549e-11,3.716e-10,3.716e-10,3.714e-10
10,0.86,2.647e-11,3.203e-11,4.576e-11,6.66e-12,8.009e-12,9.81e-12,2.414e-11,2.967e-11,3.526e-11,3.722e-10,3.722e-10,3.726e-10
15,0.86,2.631e-11,3.182e-11,4.537e-11,6.658e-12,8.003e-12,9.783e-12,2.389e-11,2.94e-11,3.502e-11,3.727e-10,3.727e-10,3.737e-10
20,0.86,2.615e-11,3.161e-11,4.497e-11,6.655e-12,7.996e-12,9.755e-12,2.365e-11,2.913e-11,3.478e-11,3.733e-10,3.733e-10,3.747e-10
25,0.86,2.599e-11,3.14e-11,4.457e-11,6.653e-12,7.99e-12,9.727e-12,2.341e-11,2.885e-11,3.453e-11,3.738e-10,3.738e-10,3.757e-10
30,0.86,2.583e-11,3.118e-11,4.417e-11,6.65e-12,7.983e-12,9.697e-12,2.317e-11,2.855e-11,3.428e-11,3.742e-10,3.742e-10,3.767e-10
35,0.86,2.567e-11,3.097e-11,4.376e-11,6.648e-12,7.976e-12,9.668e-12,2.293e-11,2.825e-11,3.403e-11,3.747e-10,3.747e-10,3.776e-10
40,0.86,2.55e-11,3.075e-11,4.335e-11,6.645e-12,7.969e-12,9.638e-12,2.269e-11,2.795e-11,3.377e-11,3.751e-10,3.751e-10,3.785e-10
45,0.86,2.534e-11,3.053e-11,4.293e-11,6.642e-12,7.962e-12,9.608e-12,2.245e-11,2.763e-11,3.351e-11,3.754e-10,3.754e-10,3.793e-10
50,0.86,2.517e-11,3.031e-11,4.251e-11,6.639e-12,7.954e-12,9.577e-12,2.222e-11,2.732e-11,3.324e-11,3.757e-10,3.757e-10,3.801e-10
55,0.86,2.501e-11,3.008e-11,4.209e-11,6.636e-12,7.946e-12,9.546e-12,2.198e-11,2.7e-11,3.297e-11,3.761e-10,3.761e-10,3.809e-10
60,0.86,2.484e-11,2.986e-11,4.167e-11,6.633e-12,7.938e-12,9.515e-12,2.175e-11,2.668e-11,3.27e-11,3.763e-10,3.763e-10,3.816e-10
65,0.86,2.468e-11,2.963e-11,4.125e-11,6.63e-12,7.93e-12,9.483e-12,2.151e-11,2.637e-11,3.242e-11,3.765e-10,3.765e-10,3.823e-10
70,0.86,2.452e-11,2.941e-11,4.082e-11,6.627e-12,7.922e-12,9.45e-12,2.128e-11,2.605e-11,3.213e-11,3.768e-10,3.768e-10,3.83e-10
75,0.86,2.435e-11,2.918e-11,4.041e-11,6.623e-12,7.913e-12,9.417e-12,2.105e-11,2.574e-11,3.184e-11,3.769e-10,3.769e-10,3.836e-10
80,0.86,2.419e-11,2.896e-11,3.999e-11,6.62e-12,7.905e-12,9.384e-12,2.082e-11,2.542e-11,3.154e-11,3.771e-10,3.771e-10,3.842e-10
85,0.86,2.402e-11,2.873e-11,3.957e-11,6.617e-12,7.897e-12,9.351e-12,2.059e-11,2.511e-11,3.125e-11,3.772e-10,3.772e-10,3.847e-10
90,0.86,2.386e-11,2.85e-11,3.915e-11,6.613e-12,7.89e-12,9.318e-12,2.036e-11,2.48e-11,3.096e-11,3.773e-10,3.773e-10,3.852e-10
95,0.86,2.37e-11,2.828e-11,3.874e-11,6.61e-12,7.882e-12,9.284e-12,2.013e-11,2.448e-11,3.066e-11,3.774e-10,3.774e-10,3.857e-10
100,0.86,2.353e-11,2.805e-11,3.832e-11,6.607e-12,7.874e-12,9.25e-12,1.991e-11,2.417e-11,3.037e-11,3.774e-10,3.774e-10,3.862e-10
105,0.86,2.337e-11,2.783e-11,3.79e-11,6.602e-12,7.867e-12,9.215e-12,1.968e-11,2.386e-11,3.008e-11,3.774e-10,3.774e-10,3.866e-10
110,0.86,2.321e-11,2.76e-11,3.749e-11,6.599e-12,7.86e-12,9.182e-12,1.945e-11,2.354e-11,2.979e-11,3.774e-10,3.774e-10,3.869e-10
115,0.86,2.305e-11,2.738e-11,3.708e-11,6.597e-12,7.852e-12,9.147e-12,1.923e-11,2.323e-11,2.951e-11,3.773e-10,3.773e-10,3.872e-10
120,0.86,2.29e-11,2.715e-11,3.666e-11,6.593e-12,7.845e-12,9.113e-12,1.901e-11,2.292e-11,2.923e-11,3.772e-10,3.772e-10,3.875e-10
125,0.86,2.274e-11,2.692e-11,3.625e-11,6.591e-12,7.837e-12,9.078e-12,1.879e-11,2.26e-11,2.896e-11,3.771e-10,3.771e-10,3.878e-10
130,0.86,2.259e-11,2.67e-11,3.584e-11,6.589e-12,7.83e-12,9.044e-12,1.856e-11,2.229e-11,2.869e-11,3.769e-10,3.769e-10,3.88e-10
-20,0.88,2.65e-11,3.2e-11,4.598e-11,6.583e-12,7.894e-12,9.735e-12,2.461e-11,2.978e-11,3.504e-11,3.547e-10,3.547e-10,3.519e-10
-15,0.88,2.636e-11,3.184e-11,4.563e-11,6.582e-12,7.891e-12,9.713e-12,2.44e-11,2.954e-11,3.483e-11,3.556e-10,3.556e-10,3.533e-10
-10,0.88,2.622e-11,3.168e-11,4.528e-11,6.582e-12,7.889e-12,9.69e-12,2.419e-11,2.931e-11,3.462e-11,3.564e-10,3.564e-10,3.546e-10
-5,0.88,2.608e-11,3.15e-11,4.492e-11,6.581e-12,7.885e-12,9.667e-12,2.397e-11,2.907e-11,3.44e-11,3.571e-10,3.571e-10,3.56e-10
0,0.88,2.594e-11,3.132e-11,4.456e-11,6.58e-12,7.881e-12,9.642e-12,2.375e-11,2.882e-11,3.418e-11,3.578e-10,3.578e-10,3.572e-10
5,0.88,2.579e-11,3.113e-11,4.42e-11,6.58e-12,7.877e-12,9.618e-12,2.352e-11,2.858e-11,3.395e-11,3.585e-10,3.585e-10,3.584e-10
10,0.88,2.564e-11,3.094e-11,4.383e-11,6.578e-12,7.873e-12,9.592e-12,2.329e-11,2.833e-11,3.373e-11,3.592e-10,3.592e-10,3.596e-10
15,0.88,2.549e-11,3.074e-11,4.346e-11,6.578e-12,7.869e-12,9.566e-12,2.306e-11,2.807e-11,3.35e-11,3.598e-10,3.598e-10,3.607e-10
20,0.88,2.534e-11,3.054e-11,4.308e-11,6.576e-12,7.863e-12,9.539e-12,2.283e-11,2.782e-11,3.326e-11,3.604e-10,3.604e-10,3.618e-10
25,0.88,2.519e-11,3.034e-11,4.27e-11,6.575e-12,7.858e-12,9.513e-12,2.26e-11,2.755e-11,3.302e-11,3.609e-10,3.609e-10,3.628e-10
30,0.88,2.503e-11,3.013e-11,4.232e-11,6.574e-12,7.853e-12,9.486e-12,2.237e-11,2.728e-11,3.278e-11,3.614e-10,3.614e-10,3.638e-10
35,0.88,2.488e-11,2.993e-11,4.192e-11,6.572e-12,7.848e-12,9.458e-12,2.214e-11,2.702e-11,3.253e-11,3.619e-10,3.619e-10,3.648e-10
40,0.88,2.472e-11,2.972e-11,4.153e-11,6.571e-12,7.842e-12,9.43e-12,2.191e-11,2.675e-11,3.227e-11,3.624e-10,3.624e-10,3.657e-10
45,0.88,2.457e-11,2.951e-11,4.113e-11,6.569e-12,7.836e-12,9.402e-12,2.169e-11,2.648e-11,3.202e-11,3.628e-10,3.628e-10,3.666e-10
50,0.88,2.441e-11,2.93e-11,4.073e-11,6.567e-12,7.83e-12,9.372e-12,2.146e-11,2.62e-11,3.175e-11,3.632e-10,3.632e-10,3.674e-10
55,0.88,2.425e-11,2.909e-11,4.033e-11,6.565e-12,7.824e-12,9.343e-12,2.124e-11,2.591e-11,3.148e-11,3.635e-10,3.635e-10,3.683e-10
60,0.88,2.41e-11,2.888e-11,3.993e-11,6.563e-12,7.818e-12,9.313e-12,2.101e-11,2.563e-11,3.12e-11,3.638e-10,3.638e-10,3.69e-10
65,0.88,2.394e-11,2.866e-11,3.953e-11,6.562e-12,7.812e-12,9.282e-12,2.079e-11,2.534e-11,3.092e-11,3.641e-10,3.641e-10,3.698e-10
70,0.88,2.379e-11,2.845e-11,3.913e-11,6.56e-12,7.806e-12,9.252e-12,2.057e-11,2.504e-11,3.064e-11,3.644e-10,3.644e-10,3.705e-10
75,0.88,2.363e-11,2.824e-11,3.874e-11,6.557e-12,7.799e-12,9.221e-12,2.035e-11,2.476e-11,3.035e-11,3.647e-10,3.647e-10,3.711e-10
80,0.88,2.347e-11,2.802e-11,3.834e-11,6.556e-12,7.793e-12,9.189e-12,2.013e-11,2.446e-11,3.006e-11,3.649e-10,3.649e-10,3.718e-10
85,0.88,2.332e-11,2.781e-11,3.794e-11,6.553e-12,7.788e-12,9.159e-12,1.991e-11,2.416e-11,2.978e-11,3.651e-10,3.651e-10,3.724e-10
90,0.88,2.317e-11,2.759e-11,3.755e-11,6.551e-12,7.782e-12,9.127e-12,1.969e-11,2.387e-11,2.95e-11,3.652e-10,3.652e-10,3.729e-10
95,0.88,2.301e-11,2.738e-11,3.715e-11,6.549e-12,7.775e-12,9.095e-12,1.947e-11,2.357e-11,2.922e-11,3.654e-10,3.654e-10,3.735e-10
100,0.88,2.286e-11,2.716e-11,3.676e-11,6.547e-12,7.77e-12,9.063e-12,1.925e-11,2.327e-11,2.894e-11,3.655e-10,3.655e-10,3.74e-10
105,0.88,2.271e-11,2.695e-11,3.637e-11,6.545e-12,7.764e-12,9.032e-12,1.903e-11,2.298e-11,2.866e-11,3.655e-10,3.655e-10,3.744e-10
110,0.88,2.255e-11,2.674e-11,3.598e-11,6.544e-12,7.759e-12,9e-12,1.882e-11,2.268e-11,2.838e-11,3.656e-10,3.656e-10,3.749e-10
115,0.88,2.24e-11,2.653e-11,3.558e-11,6.542e-12,7.753e-12,8.968e-12,1.86e-11,2.238e-11,2.81e-11,3.656e-10,3.656e-10,3.753e-10
120,0.88,2.226e-11,2.631e-11,3.519e-11,6.54e-12,7.747e-12,8.936e-12,1.839e-11,2.208e-11,2.783e-11,3.656e-10,3.656e-10,3.756e-10
125,0.88,2.211e-11,2.61e-11,3.48e-11,6.539e-12,7.742e-12,8.904e-12,1.818e-11,2.179e-11,2.756e-11,3.655e-10,3.655e-10,3.759e-10
130,0.88,2.195e-11,2.589e-11,3.441e-11,6.537e-12,7.738e-12,8.873e-12,1.797e-11,2.149e-11,2.729e-11,3.654e-10,3.654e-10,3.761e-10
-20,0.9,2.57e-11,3.097e-11,4.413e-11,6.505e-12,7.764e-12,9.533e-12,2.372e-11,2.855e-11,3.363e-11,3.426e-10,3.426e-10,3.399e-10
-15,0.9,2.557e-11,3.081e-11,4.38e-11,6.505e-12,7.762e-12,9.511e-12,2.353e-11,2.832e-11,3.342e-11,3.434e-10,3.434e-10,3.413e-10
-10,0.9,2.543e-11,3.065e-11,4.346e-11,6.507e-12,7.76e-12,9.49e-12,2.333e-11,2.808e-11,3.321e-11,3.443e-10,3.443e-10,3.426e-10
-5,0.9,2.53e-11,3.048e-11,4.312e-11,6.507e-12,7.759e-12,9.467e-12,2.312e-11,2.784e-11,3.299e-11,3.451e-10,3.451e-10,3.44e-10
0,0.9,2.516e-11,3.031e-11,4.278e-11,6.507e-12,7.757e-12,9.444e-12,2.291e-11,2.76e-11,3.278e-11,3.458e-10,3.458e-10,3.452e-10
5,0.9,2.502e-11,3.012e-11,4.243e-11,6.508e-12,7.754e-12,9.42e-12,2.27e-11,2.736e-11,3.256e-11,3.465e-10,3.465e-10,3.465e-10
10,0.9,2.488e-11,2.994e-11,4.207e-11,6.508e-12,7.751e-12,9.396e-12,2.248e-11,2.712e-11,3.234e-11,3.472e-10,3.472e-10,3.476e-10
15,0.9,2.473e-11,2.975e-11,4.172e-11,6.508e-12,7.748e-12,9.372e-12,2.227e-11,2.688e-11,3.211e-11,3.479e-10,3.479e-10,3.488e-10
20,0.9,2.459e-11,2.955e-11,4.135e-11,6.508e-12,7.745e-12,9.347e-12,2.205e-11,2.663e-11,3.188e-11,3.485e-10,3.485e-10,3.499e-10
25,0.9,2.444e-11,2.936e-11,4.099e-11,6.507e-12,7.741e-12,9.321e-12,2.183e-11,2.638e-11,3.165e-11,3.491e-10,3.491e-10,3.509e-10
30,0.9,2.43e-11,2.917e-11,4.061e-11,6.507e-12,7.738e-12,9.295e-12,2.161e-11,2.614e-11,3.141e-11,3.496e-10,3.496e-10,3.52e-10
35,0.9,2.415e-11,2.897e-11,4.024e-11,6.506e-12,7.733e-12,9.269e-12,2.14e-11,2.589e-11,3.117e-11,3.501e-10,3.501e-10,3.53e-10
40,0.9,2.4e-11,2.877e-11,3.986e-11,6.506e-12,7.729e-12,9.242e-12,2.118e-11,2.564e-11,3.092e-11,3.506e-10,3.506e-10,3.539e-10
45,0.9,2.385e-11,2.857e-11,3.948e-11,6.505e-12,7.725e-12,9.215e-12,2.097e-11,2.54e-11,3.066e-11,3.511e-10,3.511e-10,3.548e-10
50,0.9,2.37e-11,2.837e-11,3.91e-11,6.505e-12,7.721e-12,9.187e-12,2.075e-11,2.515e-11,3.04e-11,3.515e-10,3.515e-10,3.557e-10
55,0.9,2.356e-11,2.817e-11,3.872e-11,6.504e-12,7.716e-12,9.159e-12,2.054e-11,2.489e-11,3.014e-11,3.519e-10,3.519e-10,3.566e-10
60,0.9,2.341e-11,2.797e-11,3.834e-11,6.503e-12,7.712e-12,9.131e-12,2.032e-11,2.463e-11,2.987e-11,3.523e-10,3.523e-10,3.574e-10
65,0.9,2.326e-11,2.777e-11,3.796e-11,6.502e-12,7.707e-12,9.102e-12,2.011e-11,2.437e-11,2.959e-11,3.527e-10,3.527e-10,3.581e-10
70,0.9,2.311e-11,2.757e-11,3.758e-11,6.501e-12,7.703e-12,9.073e-12,1.99e-11,2.409e-11,2.932e-11,3.53e-10,3.53e-10,3.589e-10
75,0.9,2.296e-11,2.736e-11,3.721e-11,6.501e-12,7.698e-12,9.044e-12,1.968e-11,2.382e-11,2.904e-11,3.533e-10,3.533e-10,3.596e-10
80,0.9,2.282e-11,2.716e-11,3.683e-11,6.499e-12,7.694e-12,9.014e-12,1.947e-11,2.355e-11,2.876e-11,3.536e-10,3.536e-10,3.603e-10
85,0.9,2.267e-11,2.696e-11,3.645e-11,6.499e-12,7.689e-12,8.985e-12,1.926e-11,2.326e-11,2.849e-11,3.538e-10,3.538e-10,3.609e-10
90,0.9,2.252e-11,2.675e-11,3.608e-11,6.499e-12,7.685e-12,8.955e-12,1.905e-11,2.299e-11,2.821e-11,3.54e-10,3.54e-10,3.615e-10
95,0.9,2.238e-11,2.655e-11,3.57e-11,6.497e-12,7.681e-12,8.926e-12,1.884e-11,2.271e-11,2.794e-11,3.542e-10,3.542e-10,3.621e-10
100,0.9,2.223e-11,2.635e-11,3.533e-11,6.497e-12,7.677e-12,8.895e-12,1.863e-11,2.243e-11,2.766e-11,3.544e-10,3.544e-10,3.627e-10
105,0.9,2.209e-11,2.614e-11,3.496e-11,6.496e-12,7.673e-12,8.866e-12,1.843e-11,2.214e-11,2.739e-11,3.545e-10,3.545e-10,3.632e-10
110,0.9,2.194e-11,2.594e-11,3.458e-11,6.496e-12,7.669e-12,8.836e-12,1.822e-11,2.186e-11,2.712e-11,3.547e-10,3.547e-10,3.637e-10
115,0.9,2.18e-11,2.574e-11,3.421e-11,6.495e-12,7.665e-12,8.806e-12,1.801e-11,2.158e-11,2.685e-11,3.547e-10,3.547e-10,3.641e-10
120,0.9,2.166e-11,2.554e-11,3.384e-11,6.495e-12,7.662e-12,8.777e-12,1.781e-11,2.129e-11,2.658e-11,3.548e-10,3.548e-10,3.645e-10
125,0.9,2.152e-11,2.534e-11,3.347e-11,6.495e-12,7.659e-12,8.748e-12,1.76e-11,2.101e-11,2.63e-11,3.548e-10,3.548e-10,3.649e-10
130,0.9,2.138e-11,2.514e-11,3.31e-11,6.495e-12,7.656e-12,8.719e-12,1.74e-11,2.073e-11,2.603e-11,3.547e-10,3.547e-10,3.652e-10
-20,0.92,2.496e-11,3.001e-11,4.244e-11,6.438e-12,7.648e-12,9.352e-12,2.289e-11,2.744e-11,3.234e-11,3.314e-10,3.314e-10,3.288e-10
-15,0.92,2.483e-11,2.986e-11,4.212e-11,6.44e-12,7.648e-12,9.331e-12,2.27e-11,2.722e-11,3.214e-11,3.323e-10,3.323e-10,3.302e-10
-10,0.92,2.471e-11,2.97e-11,4.179e-11,6.442e-12,7.648e-12,9.311e-12,2.251e-11,2.699e-11,3.193e-11,3.331e-10,3.331e-10,3.316e-10
-5,0.92,2.457e-11,2.954e-11,4.147e-11,6.443e-12,7.647e-12,9.288e-12,2.231e-11,2.676e-11,3.172e-11,3.339e-10,3.339e-10,3.329e-10
0,0.92,2.444e-11,2.937e-11,4.114e-11,6.445e-12,7.646e-12,9.266e-12,2.211e-11,2.653e-11,3.15e-11,3.347e-10,3.347e-10,3.342e-10
5,0.92,2.431e-11,2.919e-11,4.08e-11,6.445e-12,7.644e-12,9.243e-12,2.191e-11,2.629e-11,3.129e-11,3.355e-10,3.355e-10,3.354e-10
10,0.92,2.417e-11,2.901e-11,4.046e-11,6.446e-12,7.643e-12,9.22e-12,2.171e-11,2.605e-11,3.107e-11,3.362e-10,3.362e-10,3.366e-10
15,0.92,2.403e-11,2.883e-11,4.012e-11,6.447e-12,7.641e-12,9.196e-12,2.15e-11,2.581e-11,3.085e-11,3.369e-10,3.369e-10,3.378e-10
20,0.92,2.389e-11,2.864e-11,3.977e-11,6.448e-12,7.639e-12,9.172e-12,2.13e-11,2.556e-11,3.062e-11,3.375e-10,3.375e-10,3.389e-10
25,0.92,2.375e-11,2.846e-11,3.941e-11,6.449e-12,7.636e-12,9.148e-12,2.11e-11,2.532e-11,3.04e-11,3.381e-10,3.381e-10,3.4e-10
30,0.92,2.361e-11,2.827e-11,3.905e-11,6.449e-12,7.634e-12,9.123e-12,2.089e-11,2.508e-11,3.017e-11,3.387e-10,3.387e-10,3.41e-10
35,0.92,2.347e-11,2.809e-11,3.869e-11,6.45e-12,7.632e-12,9.098e-12,2.069e-11,2.484e-11,2.994e-11,3.393e-10,3.393e-10,3.42e-10
40,0.92,2.333e-11,2.79e-11,3.833e-11,6.451e-12,7.629e-12,9.072e-12,2.048e-11,2.46e-11,2.97e-11,3.398e-10,3.398e-10,3.43e-10
45,0.92,2.319e-11,2.771e-11,3.796e-11,6.451e-12,7.626e-12,9.046e-12,2.028e-11,2.437e-11,2.945e-11,3.403e-10,3.403e-10,3.44e-10
50,0.92,2.305e-11,2.752e-11,3.76e-11,6.452e-12,7.623e-12,9.019e-12,2.007e-11,2.413e-11,2.92e-11,3.408e-10,3.408e-10,3.449e-10
55,0.92,2.291e-11,2.733e-11,3.724e-11,6.452e-12,7.621e-12,8.992e-12,1.987e-11,2.39e-11,2.894e-11,3.412e-10,3.412e-10,3.457e-10
60,0.92,2.277e-11,2.713e-11,3.688e-11,6.452e-12,7.617e-12,8.966e-12,1.967e-11,2.366e-11,2.867e-11,3.417e-10,3.417e-10,3.466e-10
65,0.92,2.263e-11,2.694e-11,3.652e-11,6.452e-12,7.614e-12,8.938e-12,1.946e-11,2.342e-11,2.84e-11,3.421e-10,3.421e-10,3.474e-10
70,0.92,2.249e-11,2.675e-11,3.616e-11,6.452e-12,7.611e-12,8.911e-12,1.926e-11,2.317e-11,2.813e-11,3.424e-10,3.424e-10,3.482e-10
75,0.92,2.235e-11,2.656e-11,3.58e-11,6.453e-12,7.608e-12,8.884e-12,1.906e-11,2.292e-11,2.786e-11,3.428e-10,3.428e-10,3.489e-10
80,0.92,2.221e-11,2.636e-11,3.544e-11,6.453e-12,7.606e-12,8.856e-12,1.885e-11,2.267e-11,2.759e-11,3.431e-10,3.431e-10,3.496e-10
85,0.92,2.207e-11,2.617e-11,3.508e-11,6.454e-12,7.603e-12,8.828e-12,1.865e-11,2.241e-11,2.732e-11,3.434e-10,3.434e-10,3.503e-10
90,0.92,2.193e-11,2.598e-11,3.473e-11,6.454e-12,7.6e-12,8.8e-12,1.845e-11,2.215e-11,2.705e-11,3.437e-10,3.437e-10,3.51e-10
95,0.92,2.179e-11,2.579e-11,3.437e-11,6.454e-12,7.597e-12,8.773e-12,1.825e-11,2.189e-11,2.678e-11,3.439e-10,3.439e-10,3.516e-10
100,0.92,2.165e-11,2.56e-11,3.401e-11,6.454e-12,7.595e-12,8.745e-12,1.805e-11,2.162e-11,2.651e-11,3.441e-10,3.441e-10,3.522e-10
105,0.92,2.152e-11,2.541e-11,3.366e-11,6.455e-12,7.593e-12,8.717e-12,1.785e-11,2.135e-11,2.624e-11,3.443e-10,3.443e-10,3.527e-10
110,0.92,2.138e-11,2.521e-11,3.33e-11,6.456e-12,7.591e-12,8.691e-12,1.765e-11,2.108e-11,2.597e-11,3.445e-10,3.445e-10,3.533e-10
115,0.92,2.124e-11,2.502e-11,3.295e-11,6.456e-12,7.589e-12,8.663e-12,1.745e-11,2.081e-11,2.57e-11,3.446e-10,3.446e-10,3.538e-10
120,0.92,2.111e-11,2.483e-11,3.26e-11,6.457e-12,7.587e-12,8.636e-12,1.725e-11,2.054e-11,2.544e-11,3.447e-10,3.447e-10,3.542e-10
125,0.92,2.098e-11,2.464e-11,3.224e-11,6.458e-12,7.586e-12,8.608e-12,1.706e-11,2.027e-11,2.517e-11,3.448e-10,3.448e-10,3.546e-10
130,0.92,2.085e-11,2.445e-11,3.19e-11,6.46e-12,7.585e-12,8.582e-12,1.686e-11,2e-11,2.49e-11,3.448e-10,3.448e-10,3.55e-10
-20,0.94,2.428e-11,2.913e-11,4.088e-11,6.38e-12,7.545e-12,9.188e-12,2.212e-11,2.646e-11,3.117e-11,3.211e-10,3.211e-10,3.186e-10
-15,0.94,2.415e-11,2.898e-11,4.057e-11,6.383e-12,7.546e-12,9.168e-12,2.193e-11,2.624e-11,3.097e-11,3.22e-10,3.22e-10,3.2e-10
-10,0.94,2.403e-11,2.882e-11,4.026e-11,6.386e-12,7.546e-12,9.147e-12,2.174e-11,2.601e-11,3.076e-11,3.228e-10,3.228e-10,3.214e-10
-5,0.94,2.39e-11,2.866e-11,3.995e-11,6.388e-12,7.546e-12,9.126e-12,2.155e-11,2.578e-11,3.055e-11,3.237e-10,3.237e-10,3.227e-10
0,0.94,2.377e-11,2.849e-11,3.963e-11,6.39e-12,7.546e-12,9.105e-12,2.135e-11,2.555e-11,3.035e-11,3.245e-10,3.245e-10,3.24e-10
5,0.94,2.364e-11,2.832e-11,3.93e-11,6.392e-12,7.546e-12,9.083e-12,2.116e-11,2.531e-11,3.014e-11,3.252e-10,3.252e-10,3.252e-10
10,0.94,2.351e-11,2.815e-11,3.897e-11,6.394e-12,7.546e-12,9.06e-12,2.096e-11,2.507e-11,2.993e-11,3.26e-10,3.26e-10,3.264e-10
15,0.94,2.338e-11,2.798e-11,3.864e-11,6.396e-12,7.545e-12,9.037e-12,2.077e-11,2.483e-11,2.972e-11,3.267e-10,3.267e-10,3.276e-10
20,0.94,2.325e-11,2.78e-11,3.83e-11,6.398e-12,7.544e-12,9.013e-12,2.058e-11,2.459e-11,2.95e-11,3.274e-10,3.274e-10,3.287e-10
25,0.94,2.312e-11,2.763e-11,3.796e-11,6.399e-12,7.543e-12,8.99e-12,2.039e-11,2.435e-11,2.928e-11,3.28e-10,3.28e-10,3.298e-10
30,0.94,2.298e-11,2.745e-11,3.761e-11,6.401e-12,7.543e-12,8.966e-12,2.02e-11,2.411e-11,2.906e-11,3.286e-10,3.286e-10,3.309e-10
35,0.94,2.285e-11,2.727e-11,3.726e-11,6.402e-12,7.541e-12,8.942e-12,2e-11,2.388e-11,2.882e-11,3.292e-10,3.292e-10,3.319e-10
40,0.94,2.271e-11,2.709e-11,3.691e-11,6.404e-12,7.54e-12,8.917e-12,1.981e-11,2.365e-11,2.859e-11,3.298e-10,3.298e-10,3.329e-10
45,0.94,2.258e-11,2.691e-11,3.657e-11,6.406e-12,7.538e-12,8.893e-12,1.962e-11,2.341e-11,2.834e-11,3.303e-10,3.303e-10,3.339e-10
50,0.94,2.245e-11,2.673e-11,3.622e-11,6.407e-12,7.537e-12,8.867e-12,1.943e-11,2.319e-11,2.809e-11,3.308e-10,3.308e-10,3.348e-10
55,0.94,2.231e-11,2.654e-11,3.588e-11,6.408e-12,7.535e-12,8.842e-12,1.923e-11,2.296e-11,2.784e-11,3.313e-10,3.313e-10,3.357e-10
60,0.94,2.218e-11,2.636e-11,3.553e-11,6.409e-12,7.534e-12,8.817e-12,1.904e-11,2.273e-11,2.758e-11,3.318e-10,3.318e-10,3.366e-10
65,0.94,2.204e-11,2.618e-11,3.519e-11,6.411e-12,7.532e-12,8.791e-12,1.884e-11,2.25e-11,2.732e-11,3.322e-10,3.322e-10,3.374e-10
70,0.94,2.191e-11,2.599e-11,3.485e-11,6.412e-12,7.531e-12,8.765e-12,1.865e-11,2.228e-11,2.706e-11,3.326e-10,3.326e-10,3.382e-10
75,0.94,2.177e-11,2.581e-11,3.45e-11,6.413e-12,7.529e-12,8.739e-12,1.846e-11,2.205e-11,2.679e-11,3.33e-10,3.33e-10,3.39e-10
80,0.94,2.164e-11,2.563e-11,3.416e-11,6.415e-12,7.528e-12,8.713e-12,1.826e-11,2.181e-11,2.653e-11,3.334e-10,3.334e-10,3.397e-10
85,0.94,2.151e-11,2.544e-11,3.382e-11,6.417e-12,7.527e-12,8.688e-12,1.807e-11,2.158e-11,2.626e-11,3.337e-10,3.337e-10,3.404e-10
90,0.94,2.138e-11,2.526e-11,3.348e-11,6.417e-12,7.525e-12,8.662e-12,1.788e-11,2.134e-11,2.599e-11,3.34e-10,3.34e-10,3.411e-10
95,0.94,2.125e-11,2.508e-11,3.314e-11,6.418e-12,7.525e-12,8.636e-12,1.768e-11,2.109e-11,2.573e-11,3.343e-10,3.343e-10,3.418e-10
100,0.94,2.112e-11,2.49e-11,3.28e-11,6.42e-12,7.524e-12,8.611e-12,1.749e-11,2.084e-11,2.546e-11,3.346e-10,3.346e-10,3.424e-10
105,0.94,2.099e-11,2.471e-11,3.246e-11,6.421e-12,7.523e-12,8.586e-12,1.73e-11,2.059e-11,2.52e-11,3.348e-10,3.348e-10,3.43e-10
110,0.94,2.086e-11,2.453e-11,3.212e-11,6.424e-12,7.523e-12,8.559e-12,1.711e-11,2.033e-11,2.493e-11,3.35e-10,3.35e-10,3.436e-10
115,0.94,2.073e-11,2.435e-11,3.179e-11,6.426e-12,7.522e-12,8.535e-12,1.692e-11,2.008e-11,2.467e-11,3.352e-10,3.352e-10,3.441e-10
120,0.94,2.06e-11,2.417e-11,3.145e-11,6.428e-12,7.523e-12,8.509e-12,1.673e-11,1.982e-11,2.44e-11,3.354e-10,3.354e-10,3.446e-10
125,0.94,2.047e-11,2.399e-11,3.112e-11,6.431e-12,7.523e-12,8.484e-12,1.654e-11,1.957e-11,2.414e-11,3.355e-10,3.355e-10,3.451e-10
130,0.94,2.035e-11,2.382e-11,3.078e-11,6.433e-12,7.524e-12,8.46e-12,1.635e-11,1.931e-11,2.388e-11,3.355e-10,3.355e-10,3.455e-10
-20,0.96,2.364e-11,2.831e-11,3.945e-11,6.331e-12,7.452e-12,9.039e-12,2.141e-11,2.555e-11,3.011e-11,3.115e-10,3.115e-10,3.092e-10
-15,0.96,2.352e-11,2.816e-11,3.915e-11,6.334e-12,7.454e-12,9.019e-12,2.122e-11,2.533e-11,2.991e-11,3.124e-10,3.124e-10,3.105e-10
-10,0.96,2.34e-11,2.801e-11,3.885e-11,6.338e-12,7.455e-12,8.999e-12,2.103e-11,2.511e-11,2.971e-11,3.133e-10,3.133e-10,3.119e-10
-5,0.96,2.328e-11,2.785e-11,3.854e-11,6.341e-12,7.457e-12,8.979e-12,2.084e-11,2.488e-11,2.952e-11,3.142e-10,3.142e-10,3.132e-10
0,0.96,2.316e-11,2.769e-11,3.823e-11,6.344e-12,7.458e-12,8.957e-12,2.065e-11,2.465e-11,2.932e-11,3.15e-10,3.15e-10,3.145e-10
5,0.96,2.303e-11,2.752e-11,3.792e-11,6.347e-12,7.459e-12,8.936e-12,2.046e-11,2.441e-11,2.911e-11,3.158e-10,3.158e-10,3.158e-10
10,0.96,2.291e-11,2.736e-11,3.76e-11,6.35e-12,7.459e-12,8.914e-12,2.027e-11,2.417e-11,2.89e-11,3.165e-10,3.165e-10,3.17e-10
15,0.96,2.278e-11,2.719e-11,3.727e-11,6.353e-12,7.46e-12,8.892e-12,2.008e-11,2.393e-11,2.869e-11,3.172e-10,3.172e-10,3.181e-10
20,0.96,2.265e-11,2.702e-11,3.694e-11,6.355e-12,7.461e-12,8.87e-12,1.989e-11,2.37e-11,2.848e-11,3.179e-10,3.179e-10,3.193e-10
25,0.96,2.252e-11,2.685e-11,3.661e-11,6.357e-12,7.461e-12,8.848e-12,1.971e-11,2.346e-11,2.826e-11,3.186e-10,3.186e-10,3.204e-10
30,0.96,2.24e-11,2.668e-11,3.628e-11,6.36e-12,7.461e-12,8.825e-12,1.953e-11,2.323e-11,2.803e-11,3.192e-10,3.192e-10,3.215e-10
35,0.96,2.227e-11,2.651e-11,3.594e-11,6.363e-12,7.461e-12,8.802e-12,1.934e-11,2.3e-11,2.78e-11,3.199e-10,3.199e-10,3.225e-10
40,0.96,2.214e-11,2.634e-11,3.561e-11,6.366e-12,7.461e-12,8.778e-12,1.916e-11,2.277e-11,2.757e-11,3.205e-10,3.205e-10,3.235e-10
45,0.96,2.201e-11,2.617e-11,3.528e-11,6.367e-12,7.461e-12,8.754e-12,1.898e-11,2.254e-11,2.733e-11,3.21e-10,3.21e-10,3.245e-10
50,0.96,2.188e-11,2.599e-11,3.495e-11,6.37e-12,7.46e-12,8.73e-12,1.88e-11,2.231e-11,2.708e-11,3.216e-10,3.216e-10,3.254e-10
55,0.96,2.175e-11,2.582e-11,3.462e-11,6.372e-12,7.46e-12,8.706e-12,1.861e-11,2.209e-11,2.683e-11,3.221e-10,3.221e-10,3.264e-10
60,0.96,2.163e-11,2.565e-11,3.429e-11,6.374e-12,7.46e-12,8.683e-12,1.843e-11,2.187e-11,2.657e-11,3.226e-10,3.226e-10,3.272e-10
65,0.96,2.15e-11,2.547e-11,3.396e-11,6.376e-12,7.46e-12,8.659e-12,1.825e-11,2.165e-11,2.632e-11,3.23e-10,3.23e-10,3.281e-10
70,0.96,2.137e-11,2.53e-11,3.363e-11,6.379e-12,7.46e-12,8.634e-12,1.807e-11,2.143e-11,2.606e-11,3.235e-10,3.235e-10,3.289e-10
75,0.96,2.124e-11,2.512e-11,3.331e-11,6.381e-12,7.46e-12,8.611e-12,1.788e-11,2.12e-11,2.581e-11,3.239e-10,3.239e-10,3.297e-10
80,0.96,2.111e-11,2.495e-11,3.298e-11,6.383e-12,7.46e-12,8.586e-12,1.77e-11,2.098e-11,2.555e-11,3.243e-10,3.243e-10,3.305e-10
85,0.96,2.099e-11,2.478e-11,3.265e-11,6.386e-12,7.461e-12,8.562e-12,1.751e-11,2.076e-11,2.529e-11,3.247e-10,3.247e-10,3.312e-10
90,0.96,2.087e-11,2.46e-11,3.233e-11,6.388e-12,7.461e-12,8.538e-12,1.733e-11,2.054e-11,2.503e-11,3.25e-10,3.25e-10,3.32e-10
95,0.96,2.074e-11,2.442e-11,3.2e-11,6.39e-12,7.461e-12,8.515e-12,1.714e-11,2.031e-11,2.477e-11,3.253e-10,3.253e-10,3.327e-10
100,0.96,2.062e-11,2.425e-11,3.168e-11,6.393e-12,7.463e-12,8.49e-12,1.696e-11,2.008e-11,2.451e-11,3.256e-10,3.256e-10,3.333e-10
105,0.96,2.049e-11,2.408e-11,3.135e-11,6.396e-12,7.463e-12,8.467e-12,1.677e-11,1.985e-11,2.425e-11,3.259e-10,3.259e-10,3.339e-10
110,0.96,2.037e-11,2.391e-11,3.103e-11,6.4e-12,7.465e-12,8.444e-12,1.659e-11,1.961e-11,2.398e-11,3.262e-10,3.262e-10,3.345e-10
115,0.96,2.025e-11,2.374e-11,3.071e-11,6.402e-12,7.466e-12,8.42e-12,1.641e-11,1.938e-11,2.372e-11,3.264e-10,3.264e-10,3.351e-10
120,0.96,2.013e-11,2.356e-11,3.039e-11,6.406e-12,7.467e-12,8.397e-12,1.623e-11,1.913e-11,2.346e-11,3.266e-10,3.266e-10,3.356e-10
125,0.96,2.002e-11,2.339e-11,3.007e-11,6.409e-12,7.47e-12,8.373e-12,1.604e-11,1.889e-11,2.32e-11,3.268e-10,3.268e-10,3.361e-10
130,0.96,1.989e-11,2.323e-11,2.975e-11,6.413e-12,7.471e-12,8.351e-12,1.586e-11,1.865e-11,2.294e-11,3.269e-10,3.269e-10,3.366e-10
